エリア,名称,カテゴリ,住所,電話番号,メールアドレス,ホームページ,SNS,特徴,設備,席数,価格帯（目安）,営業時間,"～2,000円","～6,000円","～12,000円","～20,000円","～30,000円","30,000円～","50,000円～",アプローチ日,,,,
みなとみらい,横浜ランドマークタワー,観光施設,横浜市西区みなとみらい2-2-1,045-222-5030,,https://www.yokohama-landmark.jp/,,展望フロア、ショッピングモール、ホテル併設,,,"¥1,000（展望台）〜",10:00～22：00スカイガーデン11:00～19：00/2F3F,●,,,,,,,,,,,
桜木町,横浜赤レンガ倉庫,観光施設,横浜市中区新港1-1,045-227-2002,,https://www.yokohama-akarenga.jp/,,歴史的建造物、イベントスペース、ショッピング・飲食店あり,,,入場無料（店舗・イベント別料金）,11:00～20:00,,,,,,,,,,,,
中華街,横浜関帝廟,観光施設,横浜市中区山下町140,045-681-3967,,https://www.yokohama-kanteibyo.com/,,中国の伝統的建築、祈願体験も可,,,¥100〜¥500（参拝料）,9:00～19:00,●,,,,,,,,,,,
元町,アメリカ山公園,観光施設,横浜市中区元町1-11-3,045-232-4661,,,,元町直結の丘上公園、夜景・庭園が人気,,,無料,-,,,,,,,,,,,,
山下公園,氷川丸（日本郵船）,観光施設,横浜市中区山下町山下公園内,045-641-4362,,https://www.nyk.com/rekishi/hikawamaru/,,歴史的船舶、船内見学可能,,,¥300〜¥500,10:00～17:00　月休,●,,,,,,,,,,,
みなとみらい,カップヌードルミュージアム 横浜,観光施設,横浜市中区新港2-3-4,045-345-0918,,https://www.cupnoodles-museum.jp/ja/yokohama/,,インスタントラーメン体験・ミュージアムショップ,,,¥500（体験別料金）,10:00～18:00　火休,●,,,,,,,,,,,
桜木町,横浜コスモワールド,観光施設,横浜市中区新港2-8-1,045-641-6591,,http://cosmoworld.jp/,,入園無料、観覧車や絶叫マシンが人気,,,¥300〜¥800（乗り物単位）,11:00～21:00　,●,,,,,,,,,,,
山下町,横浜マリンタワー,観光施設,横浜市中区山下町15番地,045-664-1100,,https://www.marinetower.yokohama/,,展望台・夜景スポット・リニューアルオープン,,,"¥1,000前後",10:00～22:00　,●,,,,,,,,,,,
関内,横浜スタジアム,観光施設／スポーツ施設,横浜市中区横浜公園,045-661-1251,,https://www.yokohama-stadium.co.jp/,,野球観戦・ライブイベント対応,,,"¥1,000〜¥8,000（イベントにより異なる）",不定休,●,,,,,,,,,,,
桜木町,原鉄道模型博物館,観光施設,横浜市西区高島1-1-2 横浜三井ビルディング2階,045-640-6699,,https://www.hara-mrm.com/,,鉄道ファン必見・精巧なジオラマ展示,,,"¥1,000〜¥1,500",10:00～17:00　火水休,●,,,,,,,,,,,
みまとみらい,横浜着物レンタル Vasara みなとみらい店,体験アクティビティ,横浜市西区伊勢町1-15染谷ビル2F,03-6744-6725,,https://vasara-h.co.jp/shop/yokohama/,https://www.instagram.com/kimono_vasara,外国語対応・着物散策体験・写真映え,,,"¥4,000〜¥10,000",9:00～18:00,,●,●,,,,,8月17日,,,,
みなとみらい,横浜アート陶芸教室,体験アクティビティ,横浜市中区花咲町2₋69小原ビル１F,045-250-1266,,https://www.mm21tougei.com/inquiry/#wpcf7-f4-p20-o1,,外国人OK・英語対応可・手びねり体験,,,"¥3,500〜¥5,500",10:30～16:00　月休,●,●,,,,,,8月17日,,,,
関内,横浜ものつくりハンドメイト陶芸体験,体験アクティビティ,横浜市中区大和町2-47-5メゾン・ド・ポミエ102,03-6862-5311,株式会社 アクティビティジャパン,https://www.activityjapan.co.jp,,月・火・水・木・土・日　10：00～、13：30～、16：00～、18:00～ハンドメイド陶芸,,,"￥5,000～￥6,000",金休,,●,,,,,,確認済,,,,
中華街,横浜おもてなし家（人力車）,体験アクティビティ,横浜市中区小港町1-5　小港マンション403,045-622-8146,,http://www.yokohama-jinrikisha.com/rickshaw,,はまの人力車/観光散策5コース(30分/40分/50分/70分/80分）,,,"￥6,000/8,000/10,000/14,000/36,000",11:00～20:00,,●,●,●,●,●,,,,,,
みなとみらい,VR ZONE Portal 横浜,体験アクティビティ,横浜市中区新港2-2-1 横浜ワールドポーターズ 5F,045-222-2567,,https://vrzone-pic.com/portal/yokohama/,,最新VR体験・グループ利用可・外国人にも人気,,,"¥1,500〜¥3,000",10:00～18：00,,●,,,,,,確認済,,,,
みなとみらい,SUP体験（スタンドアップパドル）,体験アクティビティ,横浜市中区新港周辺 運河エリア,090-3502-2701, supyokohama@gmail.com,https://yokohamasup-club.com,https://www.instagram.com/supyokohama/,運河での水上体験・初心者OK・外国人対応,,,"¥4,000〜¥7,000",10:00～11:30/13:00～14:30,,●,●,,,,,確認済,,,,
みなとみらい,SKY DUCK 横浜,体験アクティビティ,東京都文京区後楽1-1-8,03-3215-0008,,https://www.skybus.jp/sp/course,https://www.instagram.com/skybus_hinomaru_official/,水陸両用車グルーズ/2コース（昼・ナイトクルーズ）,,,"¥3,600/¥4,000",10：00/ 11：30 / 14：15 / 15：45平日　　　　　　　　　　　　　10：00/10：45/11：30/ 13：45/ 14：30 / 15：15 / 16：00/16：45土日　水休　　　　　　　　　　　　　　　　,,●,,,,,,確認済,,,,
桜木町,マリンルージュ ナイトクルーズ,体験アクティビティ,横浜市中区山下町 山下公園前,045-671-7719,,https://www.yokohama-cruising.jp/,https://www.instagram.com/yokohama.cruise/,ランチ・アフタヌーン・トワイライト・ディナー夜景観賞4種コース,,,"￥11,200/￥4,000/￥8,800/¥19,600",12:00/14:30/17:00/19:30,,●,●,●,,,,8月17日,,,,
山下公園,シーバス 横浜ベイクルーズ,体験アクティビティ,横浜市中区山下町 山下公園りんかい口,045-671-7719,,https://www.yokohama-cruising.jp/contents/seabass.html,https://www.instagram.com/yokohama.cruise/,みなとみらい〜横浜駅直通の水上バス・観光対応,,,"¥700〜¥1,500",10:00～18:00,●,,,,,,,確認済,,,,
金沢,濱進（Hamashin）,屋形船,横浜市金沢区金沢町103-6,045-781-7377,yakatabune@hamashin.co.jp,https://www.hamashin.co.jp/english/index.html,,金沢沖直送鮮魚＋Hayama牛コース、3船体制で快適クルーズ,,,"¥8,250〜¥16,500",18:00～20:30,,●,●,●,,,,8月17日,,,,
西区,すずよし（Suzuyoshi）,屋形船,横浜市西区西戸部町3-297-10,045-231-1600,,http://suzuyoshi.jp/,,コタツ席、カラオケ付き、乗合＆貸切、演奏イベントあり,,,"¥7,000〜¥11,000",18:00～20:30,,●,●,,,,,8月17日,,,,
神奈川,横浜屋形船ピア・フォー,屋形船,横浜市神奈川区浦島町380,045-441-0404,info@pier4.net,http://www.yakatabune.jp,,掘りごたつ式、横浜地産野菜＋穴子天ぷら使用,,,"¥8,000〜¥11,000",18:00～20:30,,●,●,,,,,8月17日,,,,
横浜港,祝良屋（いわいや）,屋形船,横浜市内（出航地により異なる）,03-6435-6108,,https://yakatabune.anniversary-cruise.com/en/,,太鼓・忍者・折り紙などパフォーマンス体験,,,"要問い合わせ￥12,000（参考価格）",18:00～20:30,,,●,,,,,8月17日,,,,
元町,COFFEE ROASTERY MEGURO,カフェ,横浜市中区山下町３７−９,,,https://roasterymeguro.com,,カフェレストラン/モーニング・ランチ,全席禁煙,40席,"￥2,000～￥3,500",9:00～20:00,●,●,,,,,,8月19日,,,,
元町,エリゼ光,フランス料理,横浜市中区山手町246,045-622-2014,,https://elysee-hikaru.com,https://www.instagram.com/elyseehikaru/,高級フレンチ、記念日向き、おしゃれな空間、ソムリエいる,個室あり、全席禁煙,36席,"¥5,000〜¥12,000",11:30～15:00 /17:30～22:30 　水休,,●,●ディナー,,,,,8月17日,,,,
元町,pavlov,カフェショップ,横浜市中区山下町105,045-641-1266,,https://www.pavlov.jp/shop/,https://www.instagram.com/pavlov._official,洋風英国的な高級カフェ、おしゃれな空間,全席禁煙,20席＋ソファ4席,"¥3.000〜¥5,000",11:00～19:00 月休,●,●,,,,,,8月19日,,,,
元町,kandy,イタリアン,神奈川県横浜市中区元町3-143 ヒルサイド元町1F ,045-633-3301,,https://www.italian-tearoom-kandy.com,https://www.instagram.com/motoya.espresso.express/,カジュアルイタリアン、おしゃれな空間,全席禁煙,20席（4人1テーブル）,"¥3.000〜¥6,000",11:00～15:00 /17:00～22:00 火水休,●,●,,,,,,8月19日,,,,
元町,マークガストロミー＆ワイン,フレンチ,神奈川県 横浜市中区元町1丁目37‐10,045-680-0966,,https://r.goope.jp/marques,https://www.instagram.com/marquesgastronomyandwine/,高級フレンチ、完全予約制,全席禁煙,20席,"8,000～25,000",月18:00～22:00  水木金:12:00-15:00/18:00-22:30 土日祝:12:00-15:00/18:00-22:00　火休,,●,●ディナー,,,,,8月20日,,,,
元町,Rio’s Buongustaio（リオス ボングスタイオ,イタリアン,神奈川県横浜市中区元町1-23-1 リバーサイド元町 1F,045-222-6101,,https://riosbuongustaio.ciao.jp,,カジュアルイタリアン　店内狭い,全席禁煙,18席,"¥2.000〜¥6,000",平祝:12:00～14:30/17:30-22:00  　　土祝前日:12:00-14:30/17:30-22:30 土:12:00-14:30/17:30-22:30　火休,,●●,,,,,,確認済,,,,
元町,スタージュエリー カフェ＆レストラン,カフェ・洋食,横浜市中区元町1-24-1,045-641-0650,,https://www.star-jewelry.com/shopinfo/motomachi.html,https://www.instagram.com/starjewelry_press/,カジュアルブランド直営カフェ、洗練された広い空間,半個室あり、全席禁煙,40席,"¥2,000〜¥3,500",火水木:11:00-18:00  　　　　　　　　　　　　　　金土日祝:11:00-19:00　月休,●,●,,,,,,確認済,,,,
元町,La Royale,フレンチ,横浜市中区新山下１－4－3　MMTビル　２F,045-264-8585,,https://larpyale-yokohama.owst.jp,,高級肉魚フレンチ、おしゃれな広い空間,個室あり、全席禁煙,30席,"15,000～20,000",平土:11:30-15:00/17:30-22:00  　　　　　　　　　　　　　日祝:11:30-15:00/17:00-21:00　火休,,●,●ディナー,,,,,確認済,,,,
元町,馬肉料理　小桜,和食,横浜市中区元町１-23-1　リバーサイド元町1F,045-264-4238,,https://baniku-kozakura.owst.jp,,高級和食系馬肉料理　美味しい　落ち着いた空間　,個室あり、全席禁煙,15席,"2,000～10,000",平土:11:30-15:00/17:00-22:00  　　　　　　　　　　　　　日:11:30-15:00 　月休,●,●,●ディナー,,,,,確認済,,,,
元町,あおぞら,洋食レストラン,横浜市中区元町４−１６１,045-299-0573,,https://vaghat.wixsite.com/aozora/,,カジュアル肉魚洋食レストラン　駅5分,全席禁煙,20席,"2,000～6,000",平土:11:30-15:00/17:00-22:00  　　　　　　　　　　　　　日:11:30-15:00 　月休,●,●,,,,,,確認済,,,,
元町,LE BOIS,フレンチ,横浜市中区石川町１丁目２１ 穂苅ビル １階,045-263-9393,,https://www.instagram.com/lebois_yokohama,https://www.instagram.com/lebois_yokohama/,お手頃カジュアルフレンチ,個室あり、全席禁煙,24席,"8,000～20,000",月:11:30-14:30    水木金土日:11:30-14;30/17:00-23:00  　火休,●,●,●ディナー,,,,,確認済,,,,
元町,ビー玉スタンド,居酒屋,横浜市中区元町3-141-6,045-263-8853,,https://bidama-stand.jimdofree.com,https://www.instagram.com/b_dama.standtenpura/,カジュアル天ぷら和食系居酒屋,全席禁煙,20席,"２,000～10,000",火水木土日:11:30-14;30/17:00-23:00  金:17:00-23;00　月休,●,●ディナー,,,,,,確認済,,,,
元町,春鶯亭ひら,和食,横浜市中区元町１丁目５５,045-662-2215 ,,https://shunoutei.com/menu,https://www.instagram.com/shunouteihira/,カジュアル和食　店内は狭い,個室あり、全席禁煙,16席,"3,000～２0,000",平土日祝12:00-15:00/17:00-22:30  月休　　　　　　　　　　　　　,●,●,●ディナー,●ディナー,,,,確認済,,,,
元町,Trattoria NOTO,イタリアン,横浜市中区元町４丁目１６１−８ M&K元町 1F,045-264-8099,motomachi@trattorianoto.com,https://trattorianoto.com,https://www.instagram.com/accounts/login/,カジュアルイタリアン・テラス席犬同伴OK,全席禁煙,2４席,"3,000～10,000",平:11:30-15:00/17:00-23:00  　　　　　土日:11:00-16:00/17:00-23:00   祝:11:00-15:00/17:00-23:00   火休,●,●,●ディナー,,,,,確認済,,,,
元町,En Route,イタリアンピザ,横浜市中区石川町1-18-2 花こビル1F,045-319-6966,,https://enroute.gorp.jp,,カジュアル石窯イタリアンピザ　即日●　元町駅近2分,個室あり、分席禁煙,26席,"¥3,000〜¥6,000",11:30～00:00 月休,●,●●ディナー,,,,,,確認済,,,,
元町,ル プティ クラージュ,フレンチ,横浜市中区元町５丁目２０９−１０１,045-681-2665,,https://lepetitcourageux.com,,カジュアルお手頃フレンチ　車椅子OK　石川町駅5分,全席禁煙,20席,"8,000～20,000",11:30-15:00/18:00-22:30  月休　　　　　　　　　　　　　,●,●●ディナー,●ディナー,,,,,確認済,,,,
元町,濱新,和食・うなぎ,横浜市中区元町3－143,045-681-1808,,https://www.hamashin.org,,高級創業百年の老舗うなぎ店、落ち着いた接待にも,全席禁煙,１５席,"¥５,000〜¥10,000",平:11:30-15;30/17:00-21:30  土日祝:11:30-21:00　火休,,●,●ディナー,,,,,確認済,,,,
元町,インドゥ アーユルヴェーダ 南インド料理,インド料理,横浜市中区元町１丁目３６−２ 原ビル, 045-211-4130,,,https://www.instagram.com/indu_yokohamamotomachi/,本格南インド料理とワイン自然派が楽しめるお店ベジタリアンメニューあり,全席禁煙,23席,"¥3,000〜¥6,000",月火金土日祝:11:00-22:00                水木:11:00-15:00/17:00-23:00  ,●,●,,,,,,確認済,,,,
元町,ぱおむ元町,カフェ,横浜市中区元町１丁目４２,045-319-4677,,,https://www.instagram.com/paomu.motomachi,元町中華街徒歩3分こじんまりとした洋食ランチカフェ,全席禁煙,16席,"～￥3,000",9:00～18:00 ,●,,,,,,,,,,,
元町,ビストロ　エルエラ,フレンチ,横浜市中区元町3-132 ジョイ元町１F,045-212-3581,,,https://www.instagram.com/bistro_elella/,ビストロ、フレンチ、ワインバー落ち着いた雰囲気ソファーあり,全席禁煙,２７席,"2,000～8,000",11:00～15:00/17:30～21:30　　　　　　　　　　　　　　　火定休月デイナー休,●,●●ディナー,●ディナー,,,,,,,,,
元町,カフェ　ルアーヴル,カフェ,横浜市中区元町1-38-2 Le Noir 横濱元町４F,045-884-1263,,https://cafelehavre.owst.jp, https://www.instagram.com/cafe_le_havre.mtmc,隠れ家レストラン/ペット可,全席禁煙,３２席,"～2,000",11:00～19:00,●,,,,,,,,,,,
中華街,蓮香園　新館,台湾料理,横浜市中区山下町190-2　中華街,045-680-0386,, https://renkouen.com/,,落ち着いた空間、席が広い、ソファー席あり、車椅子で入店可,分煙,１０６席,"2,000～12,000",11:00～22:00,●,●●ディナー,●ディナー,,,,,,,,,
中華街,東北人家新館,中華,横浜市中区山下町214,045-641-7595,,https://tohoku-jinka.com,,野菜料理にこだわる、魚料理にこだわる、健康・美容メニューあり、ベジタリアンメニューあり,全席禁煙,,"2,000～５,000",11:00～23:30,●,●●ディナー,,,,,,,,,,
中華街,華正樓 本店,中華・和食,横浜市中区山下町164,045-681-2911,,https://www.kaseiro.com,,老舗高級中華、野菜、魚の中華料理には定評、個室完備,全面禁煙,600席,"¥4,000〜¥20,000",11:30-22:00 水休,,●,●●ディナー,●ディナー,,,,8月19日,,,,
中華街,ローズホテル/鉄板焼 浜,鉄板焼き,横浜市中区 山下町77,045-681-2993,,https://www.rosehotelyokohama.com/restaurant,,ローズホテル内の高級フレンチと中華の鉄板焼き,全席禁煙,10席数席,"¥20,000〜¥30,000",17:00-22:00,,,,●ディナー,●ディナー,,,確認済,,,,
中華街,ローズホテル/ミリーラフォーレ,フレンチ,横浜市中区 山下町77,045-681-2916,,https://www.rosehotelyokohama.com/restaurant,,ローズホテル内のカジュアルフレンチレストラン,半個室あり、全面禁煙,150席,"¥6,000〜¥20,000",7:00-22:00,,●,●●ディナー,●ディナー,,,,確認済,,,,
中華街,ローズホテル/重慶飯店新館,中華料理（四川）,横浜市中区 山下町77,045-681-6885,,https://www.rosehotelyokohama.com/restaurant,,本格四川料理重慶飯店落ち着いた雰囲気バリアフリー,個室あり、全面禁煙,120席,"¥3,000〜¥35,000",平：11:30-15:00/17:00-22:00  土日祝11:30-22:00,,●,●●ディナー,●ディナー,●ディナー,,,確認済,,,,
中華街,株式会社東源（梅蘭金蘭閣）,中華料理（上海）,横浜市中区山下町220-4 東源ビル 4F,梅蘭閣045-263-8378,,https://bairan-tougen.jp/company/,,焼きそばが有名な上海中華料理カジュアル、子ずれも安心,個室あり、全面禁煙,100席,"¥2,000〜¥１2,000",平：11:30-15:30/17:00-22:00  木休,●,●●ディナー,●●ディナー,●ディナー,,,,確認済,,,,
中華街,萬珍樓 本店,中華料理（広東）,横浜市中区山下町153,045-681-4004,,https://www.manchinro.com/,,創業130年以上老舗高級豪華な内装と本格広東料理、接待向け,個室あり、全面禁煙,480席,"¥2,000〜¥12,000",平：11:00-15:00/17:00-22:00  土日祝:11:00-22:00 月休,●,●●ディナー,●●ディナー,●ディナー,,,,8月17日,,,,
中華街,萬珍樓點心舗,中華料理（広東）,横浜市中区山下町156,045-664-4004,,https://www.manchinro.com/tenshimpo,,落ち着いた雰囲気、リーズナブル白粥と彩り点心の朝食セット,個室あり、全面禁煙（喫煙席場所あり）,270席,"¥2,000〜",平：11:00-15:00/17:00-22:00  土日祝:8:00-22:00 月休,●,●●ディナー,,,,,,8月17日,,,,
中華街,重慶飯店 本館,中華料理（四川）,横浜市中区山下町164,045-641-8288,,https://www.jukeihanten.com/,https://www.instagram.com/jukeihanten/,本格四川料理、辛さと香りが特徴、落ち着いた雰囲気観光客に人気,個室あり、全面禁煙（喫煙席場所あり）,2２0席,"¥3,000〜¥35,000",月火水木：11:30-15:00/17:00-21:00  金：11:30-15:00/17:00-22:00           土日祝:11:30-21:00 ,,●,●●ディナー,●ディナー,●ディナー,,,8月17日,,,,
中華街,謝甜記 貮号店,中華粥・軽食,横浜市中区山下町189-9,045-664-4305,,http://www.shatenki-nigouten.co.jp,https://www.instagram.com/shatenki/,朝7:00から営業、中華粥専門店、魚料理も得意、行列必至,個室あり、全面禁煙,50席,"¥8￥１,000〜¥2,000",平：8:30-21:00   　　　　　　　　　　　　　　　　土日：8:00-21:00    水休      ,●,,,,,,,8月17日,,,,
中華街,金香楼,中華料理・コース料理,横浜市中区山下町200-1,045-228-1688,,https://www.kinkoro.com/,,中国式宮殿のような内装、豪華なコース料理が人気,個室あり、全面禁煙（喫煙席場所あり）,３00席,"¥3,000〜¥10,000",11:00-22:30,●,●●ディナー,●ディナー,,,,,確認済,,,,
中華街,龍華楼 新館,中華料理（庶民的）,横浜市中区山下町152,045-681-6078,,https://b268002.gorp.jp,,リーズナブルな価格、四川料理、セットメニュー多数,個室あり、全面禁煙,100席,"¥800〜¥2,000",11:00-22:30,●,,,,,,,確認済,,,,
中華街,福満園 本店,中華料理（四川・湖南）,横浜市中区山下町157-8,045-662-5185,,https://fukumanen.jp,,激辛四川料理、麻婆豆腐が人気、量が多い,個室あり、全面禁煙,80席,"¥1,000〜¥2,500",11:00-23:30,●,●●ディナー,,,,,,確認済,,,,
中華街,山東 1号店,中華料理（山東）,横浜市中区山下町150-3,045-212-1198,,https://www.santon.co.jp,https://www.instagram.com/santon_yokohama/,水餃子が名物、現地風の味付け、野菜魚ヘルシー中華、観光客に人気,全席禁煙,80席,"¥1,000〜¥2,500",月火水木：11:00-23:00  　　　　　　　　　　　　　　　　金土日祝：11:00-24:00      ,●,●●ディナー,,,,,,確認済,,,,
中華街,北京飯店,中華料理（北京）,横浜市中区山下町79-5,045-681-3535,,https://pekinghanten.com,,北京ダック・フカヒレなど本格北京料理、野菜料理にも定評,半個室あり、全面禁煙,100席,"¥4,000〜¥14,000",平・土：11:00-23:00    日祝休,●,●●ディナー,●●ディナー,●ディナー,,,,確認済,,,,
中華街,RouRoucafe,カフェ,横浜市中区山下町130-12,045-650-5644,,https://cafe.rourou.com/,,中華街にある隠れ家カフェ,全席禁煙,20席,"¥1,000〜¥5,000",12:00-18:00,●,●,,,,,,,,,,
中華街,状元樓 横浜中華街本店,中華料理（上海）,横浜市中区山下町191,045-641-8888,,https://www.jogen.co.jp/,https://www.instagram.com/jogenrou_yokohama/,クラシックな内装、上海料理をベースに点心も充実ベジタリアンメニュー有,個室あり、全面禁煙,300席,"¥2,000〜¥25,000",平：11:30-16:00/17:00-22:00  　　　　　　　　　　　　　　　　土日祝：11:30-22:00      ,●,●●ディナー,●●ディナー,●ディナー,●ディナー,,,確認済,,,,
中華街,慶福楼 本店,中華料理（福建）,横浜市中区山下町150,045-681-1137,,https://www.keifukurou.com/,https://www.instagram.com/keifukurou/,フカヒレ姿煮が有名、団体対応も可能,個室あり、分煙,45席,"¥2,000〜¥10,000",11:00-22:00,●,●●ディナー,●●ディナー,,,,,確認済,,,,
中華街,中華菜館 同發 本館,中華料理（広東）,横浜市中区山下町148,045-681-7273, homepage@douhatsu.co.jp,http://www.douhatsu.co.jp,https://www.instagram.com/douhatsu_official/,1892年創業、焼き物料理が名物、観光客に人気車椅子OK,個室あり、全面禁煙,90席,"¥2,500〜¥20,000",平：11:30-15:00/17:00-21:30  　　　　　　　　　　　　　　　　土日祝：11:30-21:30      水休,●,●,●●ディナー,●ディナー,,,,8月17日,,,,
中華街,鵬天閣,点心専門店,横浜市中区山下町192-15,045-681-9016,houten_info@houtenkaku.com,https://houtenkaku.com/company,,食べ歩き人気店、小籠包・焼き小籠包が名物、景色がきれい,個室あり、全面禁煙,50席,"¥500〜¥1,500（レストラン2,000～￥20,000）",11:00-22:00,●,●●ディナー,●●ディナー,●ディナー,,,,8月19日,,,,
中華街,景徳鎮新館,中華料理（四川）,横浜市中区山下町２００－５,045-641-5285,,https://www.keitokuchin.info,,四川料理中華街人気NO1,全席禁煙,50席,"¥3,000〜¥10,000",11:00-21:30    火休,●,●●ディナー,●●ディナー,,,,,確認済,,,,
中華街,金陵 本店,中華料理（広東・焼き物）,横浜市中区山下町132,045-681-2967,k_i_n_r_y_o@yahoo.co.jp,https://sites.google.com/view/kinryo/,,焼き物と豚バラチャーシューが有名、テイクアウトもあり,喫煙可,113席,"¥800〜¥2,000",月火水木金祝:17:00-22:45　　　　　　　　　　　　　　土：14:00-22:45           日祝後日休　　,●,,,,,,,8月17日,,,,
中華街,謝朋酒樓,中華料理（広東）,横浜市中区山下町188,045-662-9113,,https://syahosyuro.com,,大型店、点心・ランチメニューも豊富、広い客席,全席禁煙,95席,"¥1,000〜¥10,000",平：11:00-23:00  　　　　　　　　　　　　　　　　土日祝：10:30-23:00      ,●,●●ディナー,●●ディナー,,,,,確認済,,,,
中華街,京華樓 本館,中華料理（四川）,横浜市中区山下町138,045-211-2866,u-info@kyokarou.com,https://www.kyokarou.com/,,本場四川の激辛麻婆豆腐、ランチもあり,個室あり、全面禁煙,170席,"¥1,000〜¥10,000",平：11:30-21:30　　　　　　　　　　　　　　　　土日祝：11:00-21:30      ,●,●●ディナー,●●ディナー,,,,,8月17日,,,,
中華街,悟空茶荘,中国茶・茶館,横浜市中区山下町130,045-681-7776,,https://www.goku-teahouse.com/,https://www.instagram.com/gokuchaso/,本格中国茶専門店、茶器も販売、観光客向け,全席禁煙,95席,"¥800〜¥2,000",平：10:30-18:00　　　　　　　　　　　　　　　　土日：10:30-18:30      ,●,,,,,,,確認済,,,,
中華街,ボブフロウ,ドイツ料理,横浜市中区山下町25-1上田ビル１F,045-662-1106,,https://hofbrau.owst.jp/,,すぐそこは山下公園♪デートや観光にもぴったり,全席禁煙,40席,"¥2,000〜¥8,000",平：11:00-15:00/17:00-23:00  　　　　　　　　　　　　　　　　土日祝：11:00-23:00    ,●,●●ディナー,,,,,,,,,,
中華街,SALONE2007,イタリアン,横浜市中区山下町36-1 B1F,050-5589-4129,,https://www.salone2007.com,,横浜人気NO1リストランテイタリアン,個室あり、全面禁煙,38席,"¥8,000〜¥20,000",12:00-15:00/18:00-22:00                              ,,●●ディナー,●●ディナー,●ディナー,,,,確認済,,,,
中華街,THE WHARF HOUSE 山下公園,カフェ・ダイニング,横浜市中区山下町279,045-228-7737,,https://wharfhouse-yokohama.zetton.co.jp,,オープンテラス、海を望む開放的空間、軽食・アルコール提供あり,全面禁煙,200席,"¥1,000〜¥６,000",＜CAFE＞9:00-17:00                                 ＜GRILL＞17:00-22:00,●,●,,,,,,確認済,,,,
中華街,ホテルニューグランド/ノ・ルマンディ,フレンチ,横浜市中区山下町10,045-681-1841,,https://www.hotel-newgrand.co.jp/restaurant/sg3/,,歴史あるホテルバー、落ち着いた大人向空間、夜景がきれい,個室あり、全面禁煙,116席,"¥4,000〜¥４0,000",7:00-10:30/11:45-15:30/17:30-21:00,,●,●●ディナー,●ディナー,●ディナー,,,確認済,,,,
中華街,ホテルニューグランド/イル・ジャルディーノ,イタリアン,横浜市中区山下町10,045-681-1841,,https://www.hotel-newgrand.co.jp/restaurant/sg3/,,日本発祥のナポリタンなどの洋食、ベジタブルビーガン料理有,全面禁煙,49席,"¥３,000〜¥20,000",11:30-16:30/17:00-21:00,,●,●●ディナー,●ディナー,,,,確認済,,,,
中華街,ホテルニューグランド/熊魚庵,和食（京料理）,横浜市中区山下町10,045₋663₋6321,,https://www.yugyoan.co.jp/shop/yokohama,,京料理懐石、魚料理中心、夜景がきれい,個室あり、全面禁煙,86席,"¥６,000〜¥３0,000",7:00-10:00/11:30-14:30/17:00-21:00,,●,●●ディナー,●ディナー,●ディナー,,,確認済,,,,
中華街,ホテルニューグランド/シーガーディアンⅡ,バー,横浜市中区山下町10,045-681-1841,,https://www.hotel-newgrand.co.jp/restaurant/sg3,,歴史あるホテルバー、落ち着いた大人向空間,全面禁煙,49席,"¥3,000〜¥10,000",17:00-23:00,,●,●,,,,,確認済,,,,
中華街,ザ・テラス横浜マリンタワー,イタリアン,横浜市中区山下町14-1YOKOHAMA MARINE TOWER 4F,050-3091-9510,,https://www.styles.jp/restaurant/theterrace,,本格イタリアンコスパ良し、魚・野菜中心メニュー,個室あり、全面禁煙,48席,"¥2,000〜¥10,000",11:30-15:00/17:00-22:00     月火休,,●,●●ディナー,,,,,確認済,,,,
日本大通り,象の鼻カフェ,カフェ・軽食,横浜市中区海岸通1丁目,045-680-5677,,https://www.zounohana.com/,https://www.instagram.com/zounohana_cafe/,アートと融合した観光カフェ、海沿いテラスあり,全面禁煙,60席,"¥800〜¥1,500",10:00-18:00　年中無休,●,,,,,,,確認済,,,,
日本大通り,CAFE de la PRESSE,フレンチカフェ,横浜市中区日本大通11 情報文化センター2F,045-222-3348,,https://cafedelapresse.jp,https://www.instagram.com/cafe.de.la.presse,新聞社跡地のクラシック空間、フランス軽食が人気,全面禁煙,54席,"¥1,500〜¥5,000",10:00-20:00　月火休,●,●,,,,,,確認済,,,,
日本大通り,ありあけ本館 ハーバーズムーン,カフェ・スイーツ,横浜市中区日本大通36,045-210-9778,,https://harboursmoon.com/,https://www.instagram.com/harboursmoon/,"横浜土産「ハーバー」のカフェ併設店、スイーツ充実,オープンテラス有",全面禁煙,40席,"¥1,500〜¥4,000",平:11:00-18:00　ランチ：11:00-14:00　土日祝:11:00-18:30 年中無休,●,●,,,,,,確認済,,,,
日本大通り,アルテリーベ横浜本店,フレンチ・ヨーロッパ料理,横浜市中区日本大通11 横浜情報文化センター1F,045-210-9407,,https://www.alteliebe.co.jp/,,生演奏付き本格フレンチ、クラシックな空間生ライブ演奏あり,全面禁煙,80席,"¥７,000〜¥25,000",11:30-15:00/17:30-22:00　　　　　　　　 月火休,,,●●ディナー,●●ディナー,,,,確認済,,,,
日本大通り,荒井屋（万国橋店）,和食（牛鍋）,横浜市中区海岸通4₋23相模ビル１F,045‐226-5003 ,,https://www.araiya.co.jp,,横浜の老舗牛鍋店,個室あり、全面禁煙,60席,"¥10,000〜¥20,000",11:00-14:30/17:00-22:00  月休,,●,●●ディナー,●ディナー,,,,確認済,,,,
日本大通り,ミントデリ,インド料理, 神奈川県横浜市中区常盤町２丁目１０ 常盤不動産ビル 1階, 050-5475-7806,,,https://www.instagram.com/mint_deli_yokohama/?igsh=YzVkODRmOTdmMw%3D%3D#,スパイシーなインド料理専門店ベジタリアンメニューあり,全面禁煙,24席,"1,000～￥３000",11:00-15:00　土日祝休,●,●,,,,,,確認済,,,,
日本大通り,オステリア サーレ エ ペペ,イタリアン,横浜市中区南仲通１丁目８−番地 1F, 045-228-9998,,,https://www.facebook.com/people/Osteria-Sale-e-Pepe/100069348715571,席数は13席少ないのでカップル向きベジタリアンメニューあり,全面禁煙,13席,"2,000～￥5,000",12:00-15:00/17:30-22:00  ,●,●●ディナー,,,,,,確認済,,,,
日本大通り,アルティザン,フレンチ,神奈川県横浜市中区日本大通36 シティタワー横濱2F,045-228-8189,,http://artisan-yokohama.com,,"横浜公園近くの職人気質のシェフ,魚・野菜中心ベジタリアンメニュ有",全面禁煙,32席,"８,000～￥30,000",平:11:30-22:00　土日祝:9:00-11:20モーニング/11:00-18:30 年中無休,,●,●●ディナー,●●ディナー,●ディナー,,,確認済,,,,
日本大通り,シチュー＆カリー 横濱KAN,洋食,横浜市中区南仲通１丁目１４ 三金ビル １０１,045-263-8557,,https://gg89100.gorp.jp,,カジュアルなカレーやシチューなど、スポーツバー的な,分煙,18席,"2,000～￥３000",平:11:30-15:00/17:00-23:00　土:12:00-15:00/17:22:00 　　　　　　　　 日12:00-16:00　　木休,●,●●ディナー,,,,,,確認済,,,,
日本大通り,bills 横浜赤レンガ倉庫,オーストラリア料理・ブランチ,横浜市中区新港1-1-2 赤レンガ倉庫2号館1F,045-650-1266,info@billsjapan.com,https://billsjapan.com/jp/yokohama,,観光客に人気のパンケーキ・リゾート系空間,個室あり、全面禁煙,120席,"¥2,500〜¥5,000",月火水木:9:00-22:00　金:9:00-23:00   土8:00-23:00      日祝8:00-22:00 　,●,●●ディナー,,,,,,確認済,,,,
日本大通り,marcys.yokohama,ハンバーガー,横浜市中区日本大通５８ 日本大通ビル 1階 地下1階,045-651-1375,,,https://www.instagram.com/marcys.yokohama/#,ジャンクフードハンバーガー・サンドイッチ店舗内狭い,喫煙可,7席,"¥1,500〜¥3,500",11:30-14:00/17:00-22:30      日祝休,●,●,,,,,,確認済,,,,
日本大通り,Le Bouquet Garni（ル ブーケガルニ）,フレンチ,横浜市中区本町1－5西田ビルB1階,045-222-3305 ,,http://lebouquetgarni-yokohama.com,,カジュアルな気取らないフレンチ,全面禁煙,20席,"2,000～￥5,000",平土11:30-14:00/17:00-22:00    　　　  日11:30-14:00   月休,●,●●ディナー,,,,,,,,,,
日本大通り,スカンディヤ ガーデン,北欧料理・カフェ,横浜市中区海岸通1-1,045-201-2262,,https://scandia-yokohama.jp,,横浜港を臨む老舗北欧レストラン、観光立地,全面禁煙,120席,"¥5,000〜¥18,000",平土：11:00-22:00 　　　　　　　　　　　　　　　　　　　　　　　　　　　　　　　　　 日:17:00-22:00  水休,,●,●●ディナー,●●ディナー,,,,確認済,,,,
日本大通り,サンアロハ,ハワイアン＆カレー,横浜市中区海岸通1-1,045-6635-555,,https://storeboard.jp/guest/media/sunaroha,,店内雰囲気からハワイアンを感じさせロコモコ、ポキ、カレーが名物料理,全面禁煙,50席,"2,000～￥5,000",11:30-15:00/17:00-23:00     ,●,●●ディナー,,,,,,確認済,,,,
日本大通り,かをり 本店,洋菓子・カフェ・レストラン,横浜市中区山下町70番地,0120-440-149,,https://kawori.co.jp,,レーズンサンドで有名な老舗、洋食も提供、観光に最適,全面禁煙,16席,"¥2,000〜¥5,000",平土：11:30-19:00 日祝:1200-19:00,●,●,,,,,,確認済,,,,
日本大通り,UNI COFFEE ROASTERY 横浜日本大通り,カフェ,横浜市中区弁天通1-1 1F,050-3623-3456,,https://unicoffeeroastery.jp/location/nihonodori,,西洋式街路である日本大通りちかくに立地します。オープンテラスあり,全面禁煙,16席,"￥1,000～￥3,000",7:30-20:00 ,●,●,,,,,,,,,,
関内,RICE CUISINE　S⊇YA（スーヤ）,アジアンベジタリアン料理,横浜市中区南仲通1丁目14番 三金ビル2F,,,https://suyainfo.wixsite.com/kitchen, https://www.instagram.com/su_ya_kitchen,米粉を使ったピザや玄米パスタなど、グルテンフリー&ヴィーガンメニューをご用意しており、,全面禁煙,30席,"￥3,000～￥6,000",11:30 - 14:00/18:00-21:00　火休,●,●●ディナー,,,,,,確認済,,,,
関内,カサ・デ・フジモリ,スペイン料理,横浜市中区相生町２丁目４１,045-662-9474,,https://www.casa-de-fujimori.co.jp,,古風で居心地の良いレストランでパエリア・タパス・ワインなど,個室あり、全面禁煙,50席,"¥2,000〜¥８,000",平：11:00-22:30  土：12:00-22:30   日祝：12:00-22:00,●,●●ディナー,,,,,,確認済,,,,
関内,鉄板焼き中田,鉄板焼き,横浜市中区太田町２丁目32−１ ビラ・アペックス横浜関内 2F,045-264-8875,,https://teppan-nakata.co.jp,,横浜・関内で味わえる本格鉄板焼。神戸牛をはじめ、厳選した食材,全面禁煙,10席,"¥10,000〜¥30,000",11:30-14:00/17:00-22:00 日休,,●,●●ディナー,●●ディナー,●ディナー,,,確認済,,,,
関内,"丿貫 福富町本店　へチカン
",ラーメン,横浜市中区福富町仲通2-4,045-251-2041,,,,魚介系低カロリーラーメンうり関内地域評判NO1＋ディナー日本酒バーあり,全面禁煙,9席,"¥1,500〜¥3,000/日本酒バー食事＋～￥3,000",11:30-15:00/17:00-22:00 ,●,●,●●ディナー,,,,,確認済,,,,
関内,寿司つぐ,寿司,横浜市中区住吉町５丁目５７−２ TYビル 2F,045-225-9117,,https://www.tablecheck.com/ja/shops/sushi-tsugu,,寿司関内地域評判NO1,個室あり、全面禁煙,16席,"¥10,000〜¥30,000",17:00-23:00  月休,,,●●ディナー,●●ディナー,●ディナー,,,確認済,,,,
関内,鶏味庵,和食,横浜市中区住吉町５‐６４‐１ 石渡ビル１階,045-681-0128,,https://toribiankannai.owst.jp,,焼きとり、釜飯、和食、コースあり,個室あり、全面禁煙,16席,"¥8,000〜¥15,000",11:00-14:00/17:00-23:00  日休,,●,●●ディナー,●ディナー,,,,確認済,,,,
関内,炭焼き割烹庵,日本料理,横浜市中区南仲通3-35 エクセレントビルIII,050-5456-9171,,,,日本料理・うなぎ・炭火焼き割烹・和食地域NO１,個室あり、全面禁煙,60席,"¥6,000〜¥15,000",月：17:30-22:00  火水木金土：11:30-15:00/17:30-22:00  日休,,●,●●ディナー,●ディナー,,,,確認済,,,,
関内,関内よいまち,日本料理,横浜市中区常盤町２丁目１５ 三洋ビル 201,045-306-7390,,,,落ち着いた和食専門12席お酒も豊富,個室あり、禁煙可,16席,"¥8,000〜¥15,000",11:30-14:00/16:00-23:00  日休,,●,●●ディナー,●ディナー,,,,確認済,,,,
関内,エールアンジュ,イタリアン,横浜市中区常盤町３丁目24−２ 関内オーブビル 1~3階,045-228-9722,,https://aile-de-ange.com,,イタリアンカジュアル・おしゃれなカフェバー,個室あり、禁煙可,80席,"¥3,000〜¥10,000",11:30-14:30/17:00-23:00  日祝休,,●,●●ディナー,,,,,確認済,,,,
関内,太田なわのれん,日本料理・牛鍋・すき焼き,神奈川県横浜市中区末吉町1-15,045-261-0636,, https://www.ohtanawanoren.jp/,,横浜のれん会（老舗の伝統に味を守れる会）牛鍋・すき焼き,個室あり、全面禁煙,120席前後,"¥10,000〜¥20,000",平：17:00-21:00  土日祝：12:00-15:00/17:00-21:00　月休1.3.5日休,,●,●●ディナー,●ディナー,,,,確認済,,,,
関内,天吉,日本料理・天ぷら・割烹,神奈川県横浜市中区港町2-9,050-5493-6536,,https://g957000.gorp.jp,,横浜のれん会（老舗の伝統に味を守れる会）天ぷら・割烹和食,個室あり、全面禁煙,75席,"¥8,000〜¥15,000",11:30-15:00/17:00-21:00　月休,,●,●●ディナー,●ディナー,,,,確認済,,,,
関内,焼肉ホルモン ふたご 関内店,焼肉・ホルモン,横浜市中区真砂町3-33 セルテ1F,045-264-4080,,https://yakiniku-futago.com/,,小規模ながら本格ホルモン、活気ある雰囲気,全面禁煙,32席,"¥3,000〜¥6,000",平：17:00-00:00  土：15:00-00:00 日:15:00-23:30,,●,●●ディナー,,,,,確認済,,,,
関内,ビストロドゥシェル,フレンチ,中区太田町１丁目１７−２ 川島ビル １階,045-305-6905,,https://deux-ciel.yokohama,,地産地消の食材をリーズナブルに提供,全面禁煙,25席,"¥3,000〜¥10,000",11:30-14:30/17:30-21:00　日休,,●,●●ディナー,,,,,確認済,,,,
関内,センターグリル,洋食,神奈川県横浜市中区花咲町1-9,045-241-7327,,https://www.center-grill.com,,横浜のれん会（老舗の伝統に味を守れる会）米国風洋食,全面禁煙,90席,"¥1,000〜¥３,000",11:00-20:00　月休,●,●,,,,,,確認済,,,,
関内,モアチェ・モアチェ,フレンチ,横浜市中区常盤町６丁目７５ 横浜常盤ビル 1階,070-5457-4568,,,https://www.instagram.com/bistro_moitie_moitie,リーズナブルで種類豊富なフレンチ,全面禁煙,12席,"3,000～5,000",11:30-15:30/17:30-23:00　木休,●,●●ディナー,,,,,,確認済,,,,
関内,ラ・テンダロッサ,イタリアン,横浜市中区太田町６丁目７５ 関内北原不動産 1F,045-663-0133,,,https://www.instagram.com/tendarossa045,カジュアルなイタリアン・ワイン,全面禁煙,60席,"3,000～10,000",平土：11:30-15:00/17:30-22:00  日祝:11:30-15:00/17:30-21:30  月火休,●,●,●●ディナー,,,,,確認済,,,,
関内,利休庵,日本そば・懐石,神奈川県横浜市中区真砂町２−１７,０４５−６４１−３０３５,,https://osoba-n.com,,横浜のれん会（老舗の伝統に味を守れる会）米国風洋食,個室あり、全面禁煙,125席,"¥1,000〜¥８,000",11:00-21:30　日休,●,●,●●ディナー,,,,,確認済,,,,
関内,炭火焼肉 牛角 関内店,焼肉・肉料理,横浜市中区尾上町3-35 横浜第一有楽ビル2F,045-650-2929,,https://www.gyukaku.ne.jp/,,全国展開の焼肉チェーン、外国人にも人気,全面禁煙,46席,"¥2,000〜¥5,000",平：16:00-23:00  土日祝11:30-23:00　 年中無休,●,●●ディナー,,,,,,確認済,,,,
関内,libertemps,フレンチ,横浜市中区北仲通２丁目２０ KCK馬車道 1F,045-263-8535,,https://libertemps2023.com,,フランス料理や日本料理という枠組みを超えた自由な発想を取り入れた料理をお楽しみいただけます。,全面禁煙,12席,"3,000～15,000",月金土：18:00-22:00  火水木祝:12:00-15:00/18:00-22:00   日休,,●,●●ディナー,●ディナー,,,,確認済,,,,
馬車道,Vee Sweets CAFE YOKOHAMA,カフェ軽食,横浜市中区海岸通5-25-3アパホテル、ベジタリアンメニュー有,050-8888-0779,,https://www.vee-sweets.com,,アパホテル＆リゾート横浜ベイタワー内 カフェ軽食,全席禁煙,36席,"1,000～￥2000",7:00～17:00,●,●,,,,,,確認済,,,,
馬車道,ビストロ カンパリ,ワイン・フレンチ,横浜市中区相生町2-38 佐藤相生ビル1階,045-228-9384,,https://www.bistro-campari.com,,フランス郷土料理自然派ワインが楽しめるカジュアルフレンチのお店,個室あり、分煙,50席,"¥4,000〜¥10,000",平11:30～14:00/17:30～22:30　　　　　　　　　　　　　　　　　　　　　/休土日17:00～23:00,●,●●ディナー,●ディナー,,,,,確認済,,,,
馬車道,レストラン アクアオリビン,地中海料理・フレンチ,横浜市中区海岸通１丁目１ 昭和ビル 2F, 045-681-9009,,https://aquaolivine.com,,大桟橋をバックに夜景がきれいなカジュアルフレンチのお店,全席禁煙,28席,"¥5,000〜¥18,000",11:30～14:00/17:30～21:00 月休,●,●●ディナー,●ディナー,●ディナー,,,,確認済,,,,
馬車道,グリル・エス,洋食・ステーキ,横浜市中区相生町5-89,045-681-2581,,,,昭和風情漂う老舗洋食屋、ビーフシチューオムライスが名物,個室あり、禁煙可,60席,"¥2,000〜¥6,000",平11:30～13:45/17:00～21:30　　　　　　　　　　　　　　　　　　　　　/土祝11:3013:45/17:00～20:45　日月休,●,●●ディナー,●ディナー,,,,,確認済,,,,
馬車道,Charcoal Grill green 馬車道,グリル・バル,横浜市中区弁天通6-79,045.263.8976,,http://www.greenyokohama.com/bashamichi,,炭火焼とワインのカジュアルダイニング、外国人にも人気,個室あり、禁煙,35席,"¥3,000〜¥6,000",平11:30～14:15/17:00～22:30　　　　　　　　　　　　　　　　　　　　　/土日祝11:30～15:00/17:00～22:30　,●,●●ディナー,●ディナー,,,,,確認済,,,,
馬車道,ラ フィーリア デル プレジデンテ,イタリアン,横浜市中区常盤町5-59,045-228-8846,, http://la-figlia-del-presidente.jp, https://www.instagram.com/0804presidente,コスパ最高のピッツアイタリアン,全席禁煙,34席,"¥3,000〜¥6,000",平11:30～15:00/17:00～22:00　　　　　　　　　　　　　　　　　　　　　/土日祝11:30～22:00,●,●●ディナー,,,,,,確認済,,,,
馬車道,天七 馬車道店,天ぷら・和食,横浜市中区常盤町5-57 竹内ビル 1F,045-681-3376,,https://www.tenshichi.com,,江戸前天ぷらの人気店、ランチも好評,個室あり、禁煙,35席,"¥3,000〜¥8,000",11:00～15:00/17:00～22:30 休年始,,●●ディナー,●●ディナー,,,,,確認済,,,,
馬車道,バニラビーンズ みなとみらい本店,カフェ・アイス,横浜市中区海岸通5-25-2 シャレール海岸通 1F,050-5595-0317,, http://www.vanillabeans.yokohama, https://www.instagram.com/vanillabeans_official/,チョコレート、カフェ、ジェラート・アイスクリーム,全席禁煙,22席,"1,000～￥2000",11:00～19:00　休水,●,,,,,,,確認済,,,,
馬車道,丸祇羅（マルマサラ）,カレー,横浜市中区福富町仲通4-2 一和ビル 3F,,,, https://www.instagram.com/marumasala/,店内古民家風な室内の野菜料理にこだわるカレー屋さん,全席禁煙,21席,"¥2,000〜¥3,000",11:30～15:00　休年末年始,●,●,,,,,,確認済,,,,
馬車道,登良屋,天ぷら・和食,横浜市中区吉田町2-3,045-251-2271,,,,天ぷら・海鮮・日本料理,個室あり、禁煙,43席,"¥3,000〜¥5,000",11:00～20:00　休日月年末年始,,●●ディナー,●●ディナー,,,,,確認済,,,,
馬車道,TSUBAKI食堂,居酒屋、野菜料理,横浜市中区本町6-50-10 横浜市市庁舎 2F,050-5890-6438,,,,横浜の新鮮な食材をふんだんに使ったお料理とお酒。,全席禁煙,40席,"¥3,000〜¥5,000",11:00～15:00/17:00～22:00,,●●ディナー,●●ディナー,,,,,確認済,,,,
馬車道,大徳壽 関内本店,焼肉、ホルモン、韓国料理,横浜市中区羽衣町2-5-15 平楽ビル　１Ｆ,050-5589-9433,,,,自慢の肉質、こだわりの焼肉をモダンラグジュアリーな雰囲気でお楽しみください。,個室あり、禁煙,120席,"¥4,000〜¥15,000",平17:00～23:00/休土日11:00～23:00,●,●●ディナー,●●ディナー,,,,,確認済,,,,
馬車道,なるとキッチン 関内店,居酒屋、からあげ、鳥料理,横浜市中区羽衣町2-5-13 カントー3ビル 2F,050-5593-8869,, https://www.naruto-kitchen.com,,北海道小樽名物の「若鶏半身揚げ」地元「小樽」で愛される伝統の味,全席禁煙,60席,"¥2,000〜¥8,000",11:30～15:00/17:00～23:00　月休,●,●●ディナー,●●ディナー,,,,,確認済,,,,
馬車道,関内バル 333,スペイン料理、ダイニングバー,横浜市中区常盤町3-27-3 2F,050-5593-4347,,,,めちゃくちゃリーズナブルなランチやフレンチトーストが名物料理,全席禁煙,26席,"¥3,000〜¥5,000",平17:00～23:00/　　　　　　　　　　　　　　土11:00～14:30/17:00～20:00　日休,●,●●ディナー,,,,,,確認済,,,,
馬車道,鮨と酒　魚伸,寿司,横浜市中区常盤町4-42-3 KGR×BLD常磐町 4F,050-5590-7038,,https://www.sushiyauoshin.com, https://www.instagram.com/sushiyauoshin,気のおまかせコースは、たくさんのお料理を少しずつ味わえるよう構成,全席禁煙,10席,"¥8,000〜¥15,000",11:30～14:00/17:00～22:00 日祝休,,●,●●ディナー,●ディナー,,,,確認済,,,,
馬車道,勝烈庵 馬車道総本店,とんかつ,横浜市中区常盤町5-58-2,045-681-4411,,https://www.katsuretsuan.co.jp,,創業昭和2年、横浜名物とんかつ専門店,個室あり、禁煙,130席,"¥1,500〜¥5,000",11:00～21:30　休年末年始,●,●●ディナー,,,,,,確認済,,,,
馬車道,とんかつ割烹　かつ半,とんかつ・割烹,横浜市中区長者町6-94,045-261-4588,,https://www.katsuhan.jp,,横浜のれん会（老舗の伝統に味を守れる会）天ぷら・割烹和食,個室あり、禁煙,55席,"¥2,000〜¥15,000",11:00～20:30　木休,●,●●ディナー,●ディナー,,,,,確認済,,,,
馬車道,Toastar,カフェ,横浜市中区常盤町6-76東邦ビル1F​,045-263-8971,,https://www.toaster-takasho.com,https://www.instagram.com/toaster_takasho/,食パン専門店「髙匠」監修のジャパニーズブレッドカフェ,全席禁煙,40席,"¥1,500〜¥3,000",平8:00～21:00/8：00～19:00土日祝,●,●,,,,,,確認済,,,,
馬車道,Café LEAFⅡ natural＆organic,カフェ,横浜市中区南仲通３−３７,045-228-9555,,https://www.ruru.co.jp/cafe-leaf/accessmap,,有機食材・無添加にこだわり、Caféに来ていただいたお客様に食を通して健康になっていただきたいと思っています。,全席禁煙,33席,"¥1,500〜¥3,000",9:00～19:00　水休年末年始,●,●,,,,,,確認済,,,,
みなとみらい,bills 横浜赤レンガ倉庫,カフェ・オールデイダイニング,横浜市中区新港1-1 赤レンガ倉庫2号館1F,045-650-1266,,https://billsjapan.com/jp/横浜,https://www.instagram.com/billsjapan/,世界的に有名なブランチカフェ、パンケーキが人気,個室あり、全席禁煙,120席,"¥1,500〜¥3,500",平9:00～22:00/　　　　　　　　　　　　　　　土8:00～23:00/日祝8:00～22:00,●,●●ディナー,●●ディナー,,,,,確認済,,,,
みなとみらい,エムエム タイ（MM THAI）,タイ料理、居酒屋,横浜市西区みなとみらい4-6-2 みなとみらいグランドセントラルテラス 1Ｆ,050-5869-9317,,https://mmthai.jp/,https://www.instagram.com/mm.thai_,タイ料理ならではのトムヤムクン・グリーンカレーなどのスタンダードから食べやすくアレンジされたオリジナルタイ料理も人気です。,全席禁煙,80席,"¥1,500〜¥3,500",平11:30～15:00/17:00～22:00　　　　　　　　　　　　　　　土日祝11:30～16:30/17:00～22:00,●,●●ディナー,●●ディナー,,,,,確認済,,,,
みなとみらい,クイーン・アリス（横浜ベイホテル東急）,フレンチ,横浜市西区みなとみらい2-3-7,045-682-2216,,https://ybht.co.jp/restaurant/qalice.php,,石鍋裕シェフ監修、記念日・会食向け高級フレンチ夜景がきれい,個室あり、全席禁煙,91席,"¥4,000〜¥２0,000",平土日祝11:30～/13:40～2部制/　　　　　　　　　　　　　平17:30～21:00/土日祝17:30～20：30　　　　　　　　　　　　　,,●,●●ディナー,●ディナー,,,,確認済,,,,
みなとみらい,カフェ トスカ（横浜ベイホテル東急）,ブッフェ・洋食,横浜市西区みなとみらい2-3-7,045-682-2218,,https://ybht.co.jp/restaurant/tosca.php,,ホテルブッフェの人気店、外国人観光客にも対応、夜景がきれい,全席禁煙,200席,"¥3,500〜¥12,000",朝：平土日祝7:00～10:00/昼11:30～15:30/夜17:00～21:00　　　　　　　　　　　　土夜17:00～19:30～2部制　　　　　　　　　　　　　,,●,●●ディナー,,,,,確認済,,,,
みなとみらい,アニヴェルセルカフェ みなとみらい横浜,カフェ・スイーツ,横浜市中区新港2-1-4,045-640-5188,,https://cafe.anniversaire.co.jp/minatomirai/,https://www.instagram.com/anniversaire_cafe/,結婚式場併設のフォトジェニックカフェ,全席禁煙,116席,"¥1,000〜¥8,000",,●,●●ディナー,●ディナー,,,,,確認済,,,,
みなとみらい,バビーズ 横浜,アメリカンダイナー,横浜市西区みなとみらい2-3-1 クイーンズタワーA 1F,045-263-8139,,https://bubbys.jp/,https://www.instagram.com/bubbys_japan/,ニューヨーク発の本格バーガー＆パイ、外国人にも人気,全席禁煙,44席,"¥1,200〜¥5,000",10:00～16:00/16:00～22:00　　　　　　　　　　　　,●,●●ディナー,●ディナー,,,,,確認済,,,,
みなとみらい,マーノエマーノ マークイズみなとみらい店,イタリアン,横浜市西区みなとみらい3-5-1 MARK IS みなとみらい 4F,050-1809-9604,,https://www.ebisu-toraji.com/shop/045,,おしゃれな雰囲気野菜料理魚料理ベジタリアンメニュ有,全席禁煙,88席,"¥2,000〜¥5,000",11:30～15:30/17:00～23:00　　　　　　　　　　　　,●,●●ディナー,,,,,,確認済,,,,
みなとみらい,レオーネ・マルチアーノ（LEONE MARCIANO）,イタリアン,横浜市西区みなとみらい4-6-2 みなとみらいグランドセントラルテラス 1F,045-232-4080,,https://leonemarciano.com,,パオロ・マッツィーニによる手作りパスタや新鮮な魚介料理をお楽しみいただけます。 オープンテラス有,個室あり、全席禁煙,60席,"¥4,000〜¥15,000",11:30～15:00/17:30～22:00　月休　　　　　　　　　　　,●,●●ディナー,●ディナー,,,,,確認済,,,,
みなとみらい,万葉倶楽部 お食事処,和食・定食・鍋,横浜市中区新港2-7-1,0570-07-4126,,https://www.manyo.co.jp/mm21/,,温浴施設併設、観光・リラクゼーション対応,個室あり、分煙,60席以上,"¥1,200〜¥5,000",月火水木11:30～23:00/金土日祝前11:30～01:00　　　　　　　　　　　　　,●,●●ディナー,,,,,,確認済,,,,
みなとみらい,GRAND SUSHI,鮨,横浜市西区みなとみらい４-5-3 神奈川大学 みなとみらいキャンパス 1F,090-1606-7255,,https://grandsushi.owst.jp,,"神奈川大学１F/鮨ランチ2,000円ディナー10,000円～",個室あり、全席禁煙,18席,"¥2,000〜¥10,000",11:00～14:00/17:00～21:00　　　　　　　　　　　　　　　水日祝休　　　　　　　　　　　,,●,●●ディナー,,,,,確認済,,,,
みなとみらい,24/7 restaurant,カフェ・レストラン,横浜市西区みなとみらい2-3-8　東急スクエア３F,045-222-6522,, https://www.dd-holdings.jp/shops/247/minatomirai#/, https://www.instagram.com/247.restaurant,おしゃれで開放感のあるカフェ空間、ランチ人気、夜景も最高,全席禁煙,141席,"¥1,500〜¥8,000",11:00～23:00　　　　　　　　　　　　　　　　　　　　　　　　　,●,●●ディナー,●●ディナー,,,,,確認済,,,,
みなとみらい,横浜グランドインターコンチネンタルホテルなだ万,和食(日本料理）,横浜市西区みなとみらい1-1-1　4階,045-223-3343,,https://www.icyokohama-grand.com/restaurant/nadaman,,季節感溢れる日本料理や寿司・鉄板ステーキ、車椅子対応可、夜景がきれい,個室あり、全席禁煙,124席,"¥15,000〜50,000",07:00 - 10:30/                 　　　　　　　  11:30-15:30/17:00-21:00,,●,●●ディナー,●ディナー,●ディナー,,,確認済,,,,
みなとみらい,横浜グランドインターコンチネンタルホテルオーシャンテラス,ブッフェ・レストラン,横浜市西区みなとみらい1-1-1　1階,045-223-2267,,https://www.icyokohama-grand.com/restaurant/ocean_terrace,,ホテル内ビュッフェダイニング、海を眺める上質空間,個室あり、全席禁煙,198席,"ランチ6,000～ディナー10,000",平:7:00 - 10:00/11:30-15:00/17:00-21:00　　　　　土日祝月:6:30 - 10:00/11:30-15:00/17:00-21:00,,●,●●ディナー,●ディナー,,,,確認済,,,,
みなとみらい,横浜グランドインターコンチネンタルホテルアジュール,フランス料理,横浜市西区みなとみらい1-1-1　2階,045-223-2267,,https://www.icyokohama-grand.com/restaurant/azur,,ホテル内本格的高級フランス料理、バリアフリー、海沿いで夜景きれい,個室あり、全席禁煙,62席,"¥10,000〜40,000",木:12:00～14:00/金土日祝12:00-14:00/18:00-20:00 　　　月火水休,,●,●●ディナー,●ディナー,●ディナー,,,確認済,,,,
みなとみらい,横浜グランドインターコンチネンタルホテル「驊騮(カリュウ)」,中国料理,横浜市西区みなとみらい1-1-1　31階,045-223-2267,,https://www.icyokohama-grand.com/restaurant/karyu,,ホテル内本格的高級中国料理、バリアフリー高層階の眺望夜景,個室あり、全席禁煙,130席,"¥10,000〜50,000",平:11:30-14:30/17:30-20:00               土日祝:11:30-14:30/17:30-20:00 　　,,●,●●ディナー,●ディナー,,,,確認済,,,,
みなとみらい,PIER21 MUSIC CAFE & BAR,カフェバー,横浜市西区みなとみらい1-1-1　ぷかりさん橋,080-4582-2556,,https://www.icyokohama-grand.com/restaurant/pier21,,レコードバーを”現代的にクロスオーバーさせた海にうかぶミュージックカフェ＆バー”です。,個室あり、全席禁煙,54席,"¥2,000〜10,000",火水木日祝:11:30-19:00/　　　　　　　　　　　　　　金土：11:30-22:00            月休　　,●,●●ディナー,●●ディナー,,,,,確認済,,,,
みなとみらい,ピアアリーナMM ダイニング,フードホール・多国籍,横浜市西区みなとみらい3-2-2,045-211-4162‬,,https://pia-arena-mm.jp/about/gourmet/bluebell,,イベント施設併設の多国籍レストランゾーン,全席禁煙,81席,"¥1,000〜¥5,000",月火水木:11:00-20:00/　　　　　　　　　　　　　　金土日祝祝前：11:30-22:00          　,●,●●ディナー,●●ディナー,,,,,確認済,,,,
みなとみらい,京懐石美濃吉ランドマーク店,和食日本食,横浜市西区みなとみらい２丁目２−１ ランドマークプラザ4F,045-222-5420,,https://www.minokichi.co.jp/shops,,京都老舗の伝統の京料理高級和食、ベジタリアンメニュー有、夜景きれい,個室あり、全席禁煙,138席,"¥8、000〜¥30,000",平:11:00-14:00/17:00-20:00　　　　　　　　　　　　　　土日祝:11:00-20:00    　,,●,●●ディナー,●ディナー,●ディナー,,,確認済,,,,
みなとみらい,シズラーランドマーク店,サラダ＆グリル,横浜市西区みなとみらい2-2-1 ランドマークプラザ1F,045-222-5316,,https://www.sizzler.jp,,グリルチェーン店（ランチ/ディナー),全席禁煙,150席,"¥4,000〜¥10,000",平:10:00-22:00　　　　　　　　　　　　　  　土日祝:8:00-22:00    　,,●●ディナー,●●ディナー,,,,,確認済,,,,
みなとみらい,ベッジェドーロランドマーク店,イタリアン,横浜市西区みなとみらい2-3-1 クイーンズタワーA1F-105,045-682-5635,,https://www.giraud.co.jp,,イタリアン料理チェーン店コスパ良し（ジローチェーン）,全席禁煙,78席,"¥2,000〜¥8,000",11:00～22:00,●,●●ディナー,●ディナー,,,,,確認済,,,,
みなとみらい,横浜ハンマーヘッド 蕎麦薫,お蕎麦・天ぷら,横浜市中区新港2-14-1　２F,045-900-5359,,https://www.hammerhead.co.jp/shoprestaurant/detail,,「日本の辛味」。柚子胡椒、山椒、辛子など、日本各地からこだわりの辛味スパイスを集め、料理のアクセント、海沿い夜景がきれい,個室あり、全席禁煙,58席,"1,500～￥5,000",11:00～22:00,●,●●ディナー,,,,,,確認済,,,,
みなとみらい,横浜ハンマーヘッドスパニッシュ,スペイン料理,横浜市中区新港2-14-1　２F,045-900-5352,delmar@huge.co.jp,https://www.huge.co.jp/service/restaurant/spanish,,魚介の旨味が凝縮された“パエージャ”や“カルドソ”もおすすめ。シンプルなスペイン料理。海沿い夜景がきれい,個室あり、全席禁煙,175席,"￥2,000～￥5,000",11:00～22:00,●,●●ディナー,,,,,,確認済,,,,
みなとみらい,横浜ハンマーヘッドCOLONIAL BEACH,シーフードイタリアン,横浜市中区新港2-14-1　２F,045-900-0302,,https://www.hammerhead.co.jp/shoprestaurant/detail/,,伊勢海老牡蠣鯛など厳選した魚介を豪快に盛り込んだ自慢の「シーフードプラッター」ペット可、海沿い夜景がきれい,個室あり、全席禁煙,150席,"￥2,000～￥5,000",11:00～22:00,●,●●ディナー,,,,,,確認済,,,,
みなとみらい,メレンゲ みなとみらい店,パンケーキ・ハワイアンカフェ,横浜市西区みなとみらい4-4-1 横浜野村ビル1F,045-227-2171,,https://www.merengue-hawaii.jp,,"パンケーキとロコモコが人気、南国気分のカフェ,テラス席あり、海沿い夜景がきれい",全席禁煙,87席,"¥2,000〜¥5,000",８:00～21:30,●,●●ディナー,,,,,,確認済,,,,
みなとみらい,マリンアンドウォーク/Pie Holic,アメリカンパイ,横浜市中区新港1-3-1, 045-227-6777,,https://marineandwalk.jp/shop-list/pie-holic,,アメリカンカリフォルニアスタイルパイの専門店、オープンテラス有、ペット可、夜景がきれい,全席禁煙,106席,"¥1,000〜¥４,000",平:11:00-16:30/17:00-22:00　　　　　　　　　　　　　  　祝:11:00-16:00/17:00-22:00    　,●,●●ディナー,,,,,,確認済,,,,
みなとみらい,マリンアンドウォーク/ミゲルファニ,スペイン料理,横浜市中区新港1-3-1 MARINE & WALK YOKOHAMA B棟２F ,045-226-4008,,https://www.zato.co.jp/restaurant/migueljuani,,パエリア世界チャンピオンプロデューススペイン料理、海沿い夜景がきれい,全席禁煙,106席,"￥3,000～￥8,000",平:11:00-16:00/17:00-22:00　　　　　　　　　　　　　  　土日祝:11:00-22:00    　,,●●ディナー,●●ディナー,,,,,確認済,,,,
みなとみらい,マリンアンドウォーク/A16,イタリアン,横浜市中区新港1-3-1,045-323-9610,,https://marineandwalk.jp/shop-list/a16,,"ワインとピッツアがおすすめのカリフォルニアイタリアン,オープンテラス有、夜景キレイ",個室あり、全席禁煙,108席,"￥3,000～￥8,000",11:00～22:00,,●●ディナー,●●ディナー,,,,,確認済,,,,
みなとみらい,マリンアンドウォーク/グッドスプーン,チーズレストラン・ビュッフェ,横浜市中区新港1-3-1 MARINE & WALK YOKOHAMA内,045-263-8139,,https://goodspoonyokohama.owst.jp,,"チーズ工房併設、ブッフェスタイル、観光人気,オープンテラス有、夜景キレイ",全席禁煙,150席,"¥4,000〜¥10,000",11:00～22:00,,●●ディナー,●●ディナー,,,,,確認済,,,,
みなとみらい,ウェスティンホテル/パシフィックテーブル,ビュフェバイキング,横浜市西区みなとみらい4-2-8 ウェスティンホテル横浜 3F,045₋577‐0888,,https://www.pacifictable.westinyokohama.com,,ウエスティンホテル3Fビュッフェスタイルレストラン、バリアフリー車椅子対応,個室あり、全席禁煙,143席,"¥6,000〜¥12,000",平:6:30-10:00/11:30-14:00/17:30-20:30　　　　　　　　　　　　　  　土日祝:7:00-10:00/11:30-13:00・13:30-15:002部制/17:30-20:30    　,,●●ディナー,●●ディナー,,,,,確認済,,,,
みなとみらい,ウェスティンホテル/Iron Bay,グリル,横浜市西区みなとみらい4-2-8 ウェスティンホテル横浜 ,045-577-0870, restaurants.yokohama@westin.com,https://ironbay.westinyokohama.com,,ウエスティンホテル3F高級グリル・ステーキ・野菜、魚料理も定評、バリアフリー車椅子対応、高層階夜景がきれい,個室あり、全席禁煙,96席,"￥3,000～￥30,000",12：00-15:00/17:30-22:00,,●●ディナー,●●ディナー,●ディナー,,,,確認済,,,,
みなとみらい,焼肉・韓国料理 KollaBo 横浜,韓国焼肉,横浜市西区みなとみらい3-5-1 MARK IS みなとみらい4F,045-264-9493,,https://shop.kollabo.co.jp/minatomirai,,韓国料理・焼肉/コース料理ありコスパ最高！野菜、魚も豊富。夜景がきれい,個室あり、全席禁煙,70席,"￥2,000～￥6,000",平:11:00-15:30/15:30-22:00　　　　　　　　　　　　　  　土日祝:11:00-16:00/16:00-22:00    　,●,●●ディナー,,,,,,確認済,,,,
みなとみらい,リストランテ ウミリア,イタリアン,横浜市西区みなとみらい４丁目６−２ グランドセントラルタワ 2F, 045-232-4919,,https://umiria.net,,横浜港の絶景と本格イタリアン、接待・記念日向き,個室あり、全席禁煙,34席,"¥8,000〜¥15,000",平:11:30-15:30/18:00-22:00　　　　　　　　　　　　　  　土日祝:11:00-15:30/17:30-22:30    　,,●●ディナー,●●ディナー,●●ディナー,,,,確認済,,,,
みなとみらい,RESTAURANT DANZERO,フランス料理,横浜市西区みなとみらい1-1-1パシフィコ横浜 展示ホール2階 Soto（外）海側, 045-633-3563,,https://danzero.net,,ダンゼロは創作料理、クラシック料理にとらわれず自由な高級フランス料理を提供します。バリアフリー車椅子可,個室あり、全席禁煙,110席,"￥3,000～￥20,000",平:11:30-15:30/17:30-21:30　　　　　　　　　　　　　  　土日祝:11:00-21:30    　     水休,,●,●●ディナー,●●ディナー,,,,確認済,,,,
みなとみらい,美食米門 横浜,海鮮和食居酒屋,横浜市中区新港2-2-1 横浜ワールドポーターズ 5F,050-5890-1616,,https://www.dd-holdings.jp/shops/maimon/yokohama, https://www.instagram.com/bishoku.maimon.yokohama/,みなとみらいの夜景を見ながら美食を楽しむ和食レストラン車椅子対応可,個室あり、全席禁煙,120席,"￥3,000～￥10,000",平:11:00-14:30/17:00-23:00　　　　　　　　　　　　　  　土日祝:11:00-15:30/17:00-23:00    　   ,,●●ディナー,●●ディナー,,,,,確認済,,,,
みなとみらい,焼肉 GRANDELA（グランデラ）,焼肉フレンチイタリアン,横浜市西区みなとみらい5-1-1 横浜グランゲート 1F,045-228-9042,,, https://www.instagram.com/grandela_yokohamagrangate,プロジェクションマッピングと特急レーンの創作焼肉店、車椅子対応可,個室あり、全席禁煙,66席,"￥6,000～￥10,000",平:11:00-14:30/17:00-23:00　　　　　　　　　　　　　  　土日祝:11:00-15:30/17:00-23:00    　   ,,●●ディナー,●●ディナー,,,,,確認済,,,,
みなとみらい,横濱こてがえし,お好み焼、もんじゃ焼き,横浜市西区みなとみらい3-5-1 MARK IS みなとみらい 4F,050-5571-2754,,https://www.towafood-net.co.jp/shop/pasutakan,,オリジナルソースと最高品質の小麦粉を使用したふわふわもっちりなお好み焼きは、味に自信あり！駅近,全席禁煙,52席,"￥2,000～￥6,000",11：00-15:00/17:00-23:00,,●,●●ディナー,,,,,確認済,,,,
みなとみらい,福琳酒家（フクリンシュカ）,中華料理、居酒屋、ラーメン,横浜市西区みなとみらい3-3-1 三菱重工横浜ビル 205,050-5592-6674,, https://fukurin.owst.jp/,,名物『赤・白・黒』3種の特製麻婆豆腐◎8名～利用可能な個室あり、中國語メニュー有,個室あり、全席禁煙,75席,"￥4,000～￥10,000",平:11:00-15:00/17:00-23:00　　　　　　　　　　　　　  　土日祝:11:00-15:00/17:00-22:00    　   ,,●,●●ディナー,,,,,確認済,,,,
みなとみらい,RISTORANTE E’VOLTA -Unico Polo-,イタリアン,横浜市西区みなとみらい３丁目３−３ 20F 三井ガーデンホテル横浜みなとみらいプレミア, 045-306-6731,,https://www.evolta.tokyo/location-yokohama_minatomirai.html,,ミシュラン掲載シェフによる現代イタリアン、記念日・接待に最適,個室あり、全席禁煙,75席,"¥5,000〜¥12,000",7:00-10:30/12:00-15:30/17:30-22:00　 　   ,,●●ディナー,●●ディナー,,,,,確認済,,,,
みなとみらい,ブルーボトルコーヒー みなとみらいカフェ,カフェ,横浜市西区みなとみらい 3-5-1MarkIsみなとみらいGL階,,,https://store.bluebottlecoffee.jp/pages/minatomirai,,ブルーボトルコーヒーではグリーンビーンバイヤー（生豆のバイヤー）が季節ごとに旬のコーヒーを吟味し、最もおいしいとされるコーヒー豆を世界中から買い付けています。,全席禁煙,50席,"￥1,000～￥2,000",8:00～20:00,●,●,,,,,,,,,,
みなとみらい,トラットリア　ヴェント　ランドマーク店,イタリアン　ピザ,横浜市西区みなとみらい2-2-1 ランドマークプラザ 5F,,, http://www.trattoria-vento.com,https://x.com/ventoyokohama?lang=fi,野菜料理、夜景、景色がきれい、,全席禁煙,１１４席,"￥3,000～￥8,000",11:00～１５：００/17:30～23:00,●,●●ディナー,,,,,,,,,,
桜木町,野毛焼肉Taro,焼肉,横浜市中区野毛町１-４８-１,050-5462-9025,,https://nogeyakiniku-taro.foodre.jp/,https://www.instagram.com/nogeyakiniku_taro,世界に誇る黒毛和牛A5ランクの厳選肉をリーズナブルに楽しめる焼肉店。桜木町3分,個室あり、全面禁煙,37席,"¥4,000〜¥15,000",土日祝15:00～23:30平日17:00～火休,,●●ディナー,●●ディナー,,,,,確認済,,,,
桜木町,鉄板焼 にし田,鉄板焼き、ステーキ、海鮮,横浜市中区桜木町3-13-3 5F,050-5592-0488,,https://ghwz200.gorp.jp,https://www.instagram.com/teppanyaki_nishida,"大人の隠れ家のような落ち着いた店内で""五感に響く鉄板焼き""で幸せなひと時を。桜木町駅3分",全面禁煙,13席,"￥15,000～￥20,000",17:00～22:00　月休,,,●ディナー,●ディナー,,,,確認済,,,,
桜木町,大衆すし酒場めのじ,寿司・天ぷら・酒,横浜市中区野毛町3-160-4,045-231-2171,,https://www.dynacjapan.com/brands/menoji/shops/noge,,大繁盛の『釣宿酒場マヅメ』の新業態、寿司と天ぷらがウリの大衆酒場。桜木町駅1分,全面禁煙,35席,"¥3,500〜¥8,000",12:00～２２：００,,●●ディナー,●●ディナー,,,,,確認済,,,,
桜木町,淡麗拉麺 己巳（つちのとみ） 野毛本店,ラーメン,横浜市中区野毛町2-87-1 イニシア横浜桜木町103,045-315-2515,,https://www.tsuchinotomi.com/shop/,,鴨ガラ、鶏ガラ、豚背ガラ、大山鷄の丸鶏、香味野菜を独自の温度調節により旨みが最大限に引き出されています。,全面禁煙,19席,"¥1,500〜¥2,000",11:00～23:00,●,,,,,,,確認済,,,,
桜木町,RAMEN KAIBUTSU,ラーメン,横浜市中区野毛町１丁目30−２ TKビル 1階,,,https://ramendb.supleks.jp/s/164305.html/,,特製オマール海老ラーメン,全面禁煙,7席,"¥1,500〜¥2,000",11:00〜15:00/18:00〜L.O.21:30水休,●,,,,,,,確認済,,,,
桜木町,牛カツ京都勝牛 CIAL桜木町,和食・牛カツ,横浜市中区桜木町1-1 CIAL桜木町,045-228-9732,,https://gyukatsu-kyotokatsugyu.com/,,京都発祥の牛カツ、揚げたてサクサク。これっとマーレ４F　　　　　　　　　　　　　　　　　　　　　　　　 桜木町駅2分,全面禁煙,40席,"¥1,200〜¥2,500",11:00～22:00,●,●●ディナー,,,,,,確認済,,,,
桜木町,せんざん 横浜横浜東口店,海鮮・和食,横浜市西区高島1-1-2　横浜東口三井ビル店,045-681-1200,,https://www.senzan.co.jp/,,魚料理中心、落ち着いた雰囲気と個室対応。お子様家族、車椅子対応可,個室あり、全面禁煙,80席,"¥2,000〜¥12,000",11:30～20:30,●,●●ディナー,●●ディナー,,,,,確認済,,,,
桜木町,GARDEN HOUSE MINATOMIRAI,カリフォルニアイタリアン,神奈川県横浜市中区桜木町1-1-7 コレットマーレ 6F,050-3196-8835,,https://ghghgh.jp/blogs/shoplist,,ノーザンカリフォルニアスタイルの料理と共に旬の食材を用いたパフェやカクテルなどをお楽しみいただけます。コレットマーレ桜木町2分,全面禁煙,128席,"¥2,000〜¥10,000",11:00～15:00/17:00～22:00,●,●●ディナー,●●ディナー,,,,,確認済,,,,
桜木町,蘭の拾璞,中華料理,横浜市中区桜木町1-1-7 コレットマーレ6F,050-5493-2817,,https://colettemare-yokohama.com/shop/256175/,,リーズなぶるなコスパ良し中華料理。コレットマーレ６F　桜木町駅2分,全面禁煙,60席,"¥1,200〜¥2,500",11:00～22:00,●,●●ディナー,,,,,,確認済,,,,
桜木町,KITCHEN JO’S CIAL桜木町店,洋食レストラン,横浜市中区桜木町1-1 CIAL1F,050-5494-2121,,https://americanhouse.co.jp/shop/kitchen-jos-cial-sakuragicho,,リーズなぶるなコスパ良し洋食レストラン。CIAL桜木町駅1分,全面禁煙,30席,"¥1,200〜¥2,500",11:00～23:00,●,●●ディナー,,,,,,確認済,,,,
桜木町,イリエスケープ,フレンチ,横浜市中区桜木町1-1-7 コレットマーレ 7F,045-2111－5515,,https://www.iliescapeyokohama.com,,圧巻のロケーションと旬が彩る現代フレンチで感動の記念日を。　　　　　　　　　　　　コレットマーレ７F桜木町駅2分夜景がきれい。,個室あり、全面禁煙,36席,"￥6,000～￥15,000",11:30～14:00/17:30～20:00火水不定期休,,●●ディナー,●●ディナー,●ディナー,,,,確認済,,,,
桜木町,フレンチ ビストロ lemidi 桜木町 （ルミディ）,フレンチ,横浜市中区花咲町3-87,050-5589-8921,, https://lemidi-yokohama.com, https://www.instagram.com/lemidi_planet/,本場フランスミシュラン星付レストランのメインを務めたシェフによるフランス料理。オープンテラス有。車椅子可,個室あり、全面禁煙,26席,"￥4,000～￥18,000",12:00～14:00/17:00～22:00,,●,●●ディナー,●●ディナー,,,,確認済,,,,
桜木町,海鮮肉炉端 大夢,海鮮、居酒屋、そば,横浜市中区桜木町1-1-7 コレットマーレ 7F,050-5600-1271,,https://colettemare-yokohama.com/shop/251119/, https://www.instagram.com/robata_time/,焼き場の炉を囲むカウンター席では目の前で炉端焼きを楽しみながら熱々の料理。車椅子可。コレットマーク７F桜木町2分,全面禁煙,26席,"¥2 ,000〜¥3,000",11:00～23:00,●,●●ディナー,,,,,,確認済,,,,
桜木町,鉄板焼　ぼんの（テッパンヤキボンノ）,鉄板焼き、お好み焼き,横浜市中区花咲町3-87,050-5868-6764,,https://bon-no.com,,野菜、肉、魚は徳島産のものを中心に揃えております。桜木町1分,個室あり、全面禁煙,52席,"¥3,000〜¥6,000",11:30～14:00/17:00～23:00火休,●,●●ディナー,,,,,,確認済,,,,
桜木町,札幌弥助 桜木町店,居酒屋、海鮮、鍋,横浜市中区桜木町1-101-1 クロスゲート ワシントンホテル 4F,045-640-3255,,https://hanare-sakuragicho.gorp.jp,,北海道より取り寄せた本場の食材を使用した北海道料理が楽しめる居酒屋。ワシントンホテル４F桜木町2分,個室あり、全面禁煙,130席,"¥3,000〜¥8,000",16:00～23:00,,●●ディナー,●●ディナー,,,,,確認済,,,,
桜木町,レストラン 下町 DINING ＆ CAFE THE sea,洋食レストラン,横浜市中区桜木町1-1-7ニューオータニインプレミアム横浜,045-210-0781,,https://colettemare-yokohama.com/shop/1080/,,モーニング/ランチビュッフェ/ランチ/アフタヌーン/ディナーホテルレストラン夜景がきれい。バリアフリー,全面禁煙,128席,"¥3,000〜¥12,000",7:00～21：00,●,●●ディナー,●●ディナー,,,,,確認済,,,,
桜木町,OCTAGON（オクタゴン）,ビアホール、ダイニングバー、居酒屋,横浜市中区野毛町1-4-1 野毛キアラガーデン 8F,050-5600-3921,,https://octagon-yokohama.owst.jp, https://www.instagram.com/octagon_yokohama,屋上テラスでビアガーデン！アメリカンBBQ＆クラフトビールの絶品コンビ。オープンテラスあり,個室あり、全面禁煙,60席,"¥2,000〜¥5,000",17:00～25：00,●,●●ディナー,,,,,,確認済,,,,
桜木町,トラットリアバジル（TRATTORIA BASIL）,イタリアン,横浜市中区花咲町1-40 ３F,050-5590-1534,,https://gezf400.gorp.jp,https://www.instagram.com/trattoriabasil_0616,新鮮野菜ジューシーなグリル料理をワインと共に◆急な団体様のご予約OK。桜木町3分,分煙,68席,"¥3,000〜¥6,000",14：00～23：30,●,●●ディナー,,,,,,確認済,,,,
桜木町,魚乃福,海鮮、居酒屋,横浜市中区野毛町1-37-1 第4竹内恵比寿ビル 2F,050-5589-2488,,https://www.uonofuku.com, https://www.instagram.com/uonofuku/,豊洲市場で仕入れる旬の鮮魚と海鮮創作料理。桜木町2分,個室あり、全面禁煙,20席,"¥5,000〜¥10,000",16:00～２２：００,,●ディナー,●ディナー,,,,,確認済,,,,
桜木町,RIGELリゲル,バー,横浜市中区野毛町２-１０１ ネオキャッスル野毛２０１,045-325-7701,,https://rigel-sakuragicho.foodre.jp/,https://www.instagram.com/rigel_yokohama,バックバーには多数のお酒が並び、スタンダードなものから当店おすすめ季節のフルーツを使ったカクテルまで幅広くお楽しみ頂けます,分煙,21席,"～￥5,000",18:00～23:00,●ナイト,●ナイト,,,,,,確認済,,,,
桜木町,AMPM,居酒屋、アジア・エスニック、中華料理,横浜市中区花咲町1-40 叶家ビル 1F,050-5868-6781,,https://ampm-sakuragichou.owst.jp, https://www.instagram.com/am_______pm/,12種スパイス香るよだれ鶏やラム餃子、毛沢東ポテサラなどの本格皿に加え、約500円で楽しめる小皿メニューも充実。桜木町3分,分煙,60席,"¥2,000〜¥5,000",18:00～23:00,●ディナー,●ディナー,,,,,,確認済,,,,
桜木町,アンデルセンシェル桜木町店,ベーカリーカフェ,横浜市中区桜木町１丁目１シェル桜木町,045-228-9412（カフェ）,,https://www.andersen.co.jp/,,ベーカリーチェーンのモーニングサービス。桜木町駅1分,全面禁煙,12席,"～￥2,000",8:00～21：00,●,●,,,,,,確認済,,,,
横浜駅前,崎陽軒本店ショップ＆中華レストラン嘉宮,中華・土産・軽食,横浜市西区高島2-13-12,045-441-8811,,https://kiyoken-restauant.com/,,横浜名物シウマイや弁当・レストラン嘉宮・カフェも併設。バリアフリー車椅子対応可,全面禁煙,110席,"¥1000〜¥20,000",11:30～15:00/17:00～21:00,●,●●ディナー,●●ディナー,●ディナー,,,,確認済,,,,
横浜駅前,カンブーザ,イタリアン（ミシュラン）,横浜市神奈川区鶴屋町2-11-2,045-512-8882,,https://cambusa-2011.com,https://www.instagram.com/cambusa_/,地産地消イタリアン、ミシュランガイド掲載。　　　　　　　　　　　　野菜・魚料理に定評,全面禁煙,34席,"¥5,000〜¥15,000",11:30～14:30/18:00～22:00,●,●●ディナー,●●ディナー,●ディナー,,,,確認済,,,,
横浜駅,カフェ＆レストラン シェ・フルール横濱,和フレンチレストラン,横浜市西区北幸 2-12-26 Felice横浜 1Fs3,045-342-6292,,https://www.chaifleurs.net,,横浜駅から徒歩10分の創作和フレンチのお店。　　　　　　　　　　　　　　オープンテラスあり,全面禁煙,24席,"¥5,000〜¥20,000",11:30～15:00/18:00～22:00,●,●●ディナー,●●ディナー,●ディナー,,,,確認済,,,,
横浜駅,更科一休,日本そば・うどん,神奈川県横浜市西区北幸2-10-42 寺内ビル1Ｆ,045-,,http://yokohama-norenkai.jp/sarashina/data01.html,,横浜のれん会（老舗の伝統に味を守れる会）そば・うどん,禁煙可,36席,"¥1,000〜¥1,500",11:00～22：00,●,,,,,,,,,,,
エリア,名称,カテゴリ,住所,電話番号,メールアドレス,ホームページ,SNS,特徴,その他,駅から徒歩,価格帯（目安）,営業時間,"～2,000円","～6,000円","～12,000円","～20,000円","～30,000円","30,000円～","50,000円～",アプローチ日,,,,
元町・中華街,ホテルニューグランド,クラシックホテル,横浜市中区山下町10,045-681-1841,,https://www.hotel-newgrand.co.jp/,,横浜の歴史的ホテル、山下公園前・クラシック建築,4つ星ホテル230客室/ホテル内店舗多数,元町中華街5分,"¥25,000〜¥100,000",,,,,●,●,●,●,8月17日,,,,
元町・中華街,ハイアットリージェンシー横浜,高級ホテル,横浜市中区山下町280-2,045-222-0121,面談,https://www.hyatt.com/hyatt-regency/ja-JP/hndry-hyatt-regency-yokohama,,インターナショナルブランド、観光とビジネス両対応,4つ星ホテル315客室/飲食店店舗あり,日本大通り3分,"¥20,000〜¥８0,000",,,,,●,●,●,●,確認済,,,,
元町・中華街,シタディーン ハーバーフロント横浜,サービスアパートメント,横浜市中区日本大通5-2,045-680-3322,面談,https://www.discoverasr.com/ja/citadines/japan/citadines-harbour-front-yokohama,,中長期滞在にも対応。モダンで国際的,4つ星ホテル242室/珈琲館連携店舗,日本大通り1分,"¥12,000〜¥25,000",,,,,●,●,●,,確認済,,,,
元町・中華街,ローズホテル横浜,観光ホテル,横浜市中区山下町77,045-681-3311,,https://www.rosehotelyokohama.com/,,中華街中心に位置。ファミリー・インバウンドに人気,4つ星ホテル184室/飲食店店舗あり,元町中華街8分,"¥10,000〜¥20,000",,,,,●,●,●,,8月19日,,,,
元町・中華街,ホテルリブマックス 横浜元町駅前,ビジネスホテル,横浜市中区山下町187,045-228-5600,,https://www.hotel-livemax.com/kanagawa/yokohama-motomachi/,,駅近でコストパフォーマンス良好,3つ星ホテル154室/コインランドリー有,元町中華街6分,"¥6,000〜¥12,000",,,●,●,,,,,8月19日,,,,
元町・中華街,ホテルフィール,カジュアルホテル,横浜市中区山下町168-1,045-663-1681,面談,https://hotel-feel.jp/,,地元客も利用する手頃価格のシティホテル,4つ星ホテル18室/ジャグジー足湯あり,元町中華街5分,"¥7,000〜¥13,000",,,●,●,,,,,確認済,,,,
元町・中華街,ザ・ゲートホテル横浜 by HULIC,中級ホテル,横浜市中区山下町11-3 ,045-264-6040,,https://www.gate-hotel.jp/yokohama,,山下公園前の横浜港を望む眺望◎2025年6月オープン,4つ星ホテル115室/飲食店あり,元町中華街5分,"¥15,000〜¥50,000",,,,,,●,●,,確認済,,,,
石川町,エグゼクティブ ホテル グランドガーデン,ラブホテル,横浜市中区寿町１丁目１−６,045-222-0444,,https://exe-hotel.jp,,ラブホテル石川町1分,2つ星ホテル31室/ラブホテル,石川町1分,"￥6,000～￥8,000",,,●,●,,,,,,,,,
日本大通り,ダイワロイネットホテル 横浜公園,ビジネスホテル,横浜市中区山下町204-1,045-664-3745,,https://www.daiwaroynet.jp/yokohama-koen/,,関内駅・日本大通り駅近、設備新しく清潔,3つ星ホテル267室/軽食朝食あり,関内10分,"¥8,000〜¥14,000",,,●,●,●,,,,確認済,,,,
日本大通り,東横INN 横浜スタジアム前Ⅰ,ビジネスホテル,横浜市中区山下町205-1,045-662-1045,,https://www.toyoko-inn.com,,全国チェーンの低価格ホテル。朝食無料,3つ星ホテル163室/朝食あり,関内10分,"¥7,000〜¥10,000",,,,●,●,,,,確認済,,,,
日本大通り,ホテルJALシティ関内 横浜,中級ホテル,横浜市中区山下町72,045-661-2580,,https://www.kannai-yokohama.jalcity.co.jp,,日本航空系。観光・ビジネス対応,3つ星ホテル170 室/朝食あり,日本大通り5分,"¥10,000〜¥16,000",,,,●,●,,,,確認済,,,,
日本大通り,スーパーホテル横浜・関内,エコノミーホテル,横浜市中区山下町195-1,045-664-9000,,https://www.superhotel.co.jp/s_hotels/kannai/,,環境配慮型、無料朝食付き、観光にも便利,3つ星ホテル234室/朝食あり,関内10分,"¥7,000〜¥10,000",,,,●,●,,,,確認済,,,,
日本大通り,ホテルリブマックス横浜スタジアム前,ビジネスホテル,横浜市中区山下町219-3,045-226-3210,,https://www.hotel-livemax.com/kanagawa/yokohama_stadium/,,スタジアム隣接、コンパクトで便利,3つ星ホテル100室/朝食あり,関内10分,"¥8,000〜¥12,000",,,,●,●,,,,確認済,,,,
馬車道,マンダリンホテル　横浜,ビジネスホテル,横浜市中区野毛4-170,045-243-3131,,https://yokohamamandarin.com/,,京急日之出町徒歩5分,3つ星ホテル123室/レストランあり,桜木町10分日の出町5分,"¥12,000〜¥20,000",,,,●,●,,,,確認済,,,,
馬車道,ホテルルートイン 横浜馬車道,中級ホテル,横浜市中区弁天通4-53-1,050-1726-2472,,https://www.route-inn.co.jp/hotel_list/kanagawa/index_hotel_id_530,,駅徒歩1分、大浴場あり、安定の設備,3つ星ホテル94室/大浴場あり朝食あり,馬車道1分,"¥7,000〜¥14,000",,,,●,●,,,,確認済,,,,
馬車道,PROSTYLE旅館 横浜馬車道,ビジネスホテル,横浜市中区常盤町5-64,045-232-2222,,https://www.prostyleryokan.com/yokohamabashamichi,,和風デザイン、サウナ・大浴場付き、外国人観光客に人気,3つ星ホテル92室/大浴場あり朝食あり,関内3分,"¥20,000〜¥30,000",,,,,●,●,●,,確認済,,,,
馬車道,アパホテル＆リゾート横浜ベイタワー,ビジネスホテル,横浜市中区海岸通5丁目25番3,0570-055-111,,https://www.apahotel.com/resort/yokohama,,横浜1の高層ホテル/フィットネスジム、高層レストラン、大浴場あり,3つ星ホテル2331室/大浴場あり朝食あり,馬車道5分,"¥10,000〜¥15,000",,,●,●,,,,,確認済,,,,
馬車道,リッチモンドホテル 横浜馬車道,ビジネスホテル,横浜市中区住吉町5-59,045-228-6655,,https://richmondhotel.jp/yokohama/?utm_source=GGL&utm_medium=GBP&utm_campaign=Canly/,,英語対応・清潔感・高レビュー,3つ星ホテル198室/朝食レストランあり,馬車道5分,"¥10,000〜¥15,000",,,,●,●,,,,確認済,,,,
馬車道,Oakwood Suites Yokohama,サービスアパートメント,横浜市中区北仲通5-57-2,045-211-6111,面談,https://www.oakwood.com/ja-jp/japan/yokohama/suites-yokohama,,高層階・長期滞在・外国人ビジネス客に人気短期予約困難,サービスアパートメントホテル,馬車道3分,"¥15,000〜¥30,000",,,,,,,,●,確認済,,,,
馬車道,横浜東急REIホテル,シティホテル,横浜市中区本町6-78-1,045-663-0109,,https://www.tokyuhotels.co.jp/yokohama-r/,,観光地アクセス良好・設備充実,3つ星ホテル234室/朝食レストランあり,新高島3分,"¥10,000〜¥15,000",,,,●,●,,,,確認済,,,,
馬車道,ホテルマイステイズ横浜関内,ビジネスホテル,横浜市中区羽衣町2-60-6,045-250-6111,,https://iconia.co.jp/hotel-mystays-yokohama-kannai-kanagawa,,長期滞在・コスパ良好・駅近,3つ星ホテル165室/朝食レストランあり,関内5分,"¥8,000〜¥13,000",,,,●,●,,,,確認済,,,,
桜木町,ニューオータニイン横浜プレミアム,高級ホテル,横浜市中区桜木町1-1-7 コレットマーレ,045-210-0707,,https://www.newotani.co.jp/innyokohama/,,みなとみらいビュー、駅直結、高級ホテル,4つ星ホテル184室/飲食店店舗あり,桜木町駅1分,"¥23,000〜¥３5,000",,,,,●,●,●,●,確認済,,,,
桜木町,JR東日本ホテルメッツ 横浜桜木町,中級ホテル,横浜市中区桜木町1-1-93,045-228-3111,,https://www.hotelmets.jp/sakuragicho,,桜木町駅から徒歩1分、新しい設備,3つ星ホテル274室/朝食レストランあり,桜木町２分,"¥9,000〜¥15,000",,,,●,●,,,,確認済,,,,
桜木町,東横INN 横浜桜木町,ビジネスホテル,横浜市中区花咲町1-5-1,045-231-1045,,https://www.toyoko-inn.com/search/detail/00050,,駅近・無料朝食あり・全国チェーン,3つ星ホテル216室/朝食つき,桜木町10分,"¥7000〜¥1２,000",,,,●,●,,,,確認済,,,,
桜木町,絹の湯ホテルテラス横浜桜木町,ブティックホテル,横浜市中区花咲町3-95,050-1807-3370,,https://breezbay-group.com/terrace,,スタイリッシュ、リーズナブルな価格,3つ星ホテル81室/大浴場あり朝食つき,桜木町5分,"¥7,000〜¥1２,000",,,,●,●,,,,確認済,,,,
桜木町,ホテルリブマックスBUGET横浜関内,ビジネスホテル,横浜市中区伊勢佐木町4-117,045-250-1510,,https://www.hotel-livemax.com/kanagawa/kannai,,リーズナブルで立地良好,3つ星ホテル87室/朝食会場あり,馬車道10分,"¥16,000〜¥20,000",,,,,●,●,,,確認済,,,,
桜木町,ウェスティンホテル横浜,高級ホテル,横浜市西区みなとみらい4-2-8,045-577-0888,,https://www.marriott.co.jp/hotels/travel/tyowy-the-westin-yokohama/,,世界的ブランド、最新設備、観光・ビジネスに最適,4つ星ホテル373室/高級飲食店店舗あり,高島町10分,"¥30,000〜¥50,000",,,,,,●,●,●,確認済,,,,
石川町,ホテルZEN,ゲストハウス,横浜市中区松影町3-10-5第三ホテル浜松荘５階,045-342-9553 ,,http://zen.ilee.jp,,民家を改造和畳リノベーション施設,2つ星ホテル40室/簡易宿泊施設,石川町5分,"¥3,000〜¥7,000",,,●,●,,,,,確認済,,,,
桜木町,野毛ホステル(FUTARENO),ゲストハウス,横浜市中区野毛町3-122,045-308-8577,,https://gh.futareno.com,,民家を改造和畳素泊6部屋,1つ星ホテル6室/朝食つき,桜木町10分,"¥4,000〜¥7,000",,,,●,●,,,,確認済,,,,
関内,レンブラント横浜関内,ビジネスホテル,横浜市中区不老町1－2,045₋681₋4800,,https://rembrandt-style.com/yokohama-kannai/,,横浜公園向かい、交通アクセス良い、横浜スタジアム前,3つ星ホテル164室/レストラン店舗あり,関内8分,"¥8,000〜",,,,●,,,,,確認済,,,,
関内,アパホテル〈横浜関内〉,ビジネスホテル,横浜市中区住吉町3-37-2,045-650-6111,,https://www.apahotel.com/hotel/syutoken/kanagawa/yokohamakannai/?utm_source=google&utm_medium=maps,,関内駅すぐ、外国人利用あり,3つ星ホテル451室/大浴場、朝食会場有,関内5分,"¥8,000〜",,,,●,,,,,確認済,,,,
関内,ホテルリブマックス横浜関内駅前,ビジネスホテル,横浜市中区真砂町3-30,045-681-0002,,https://www.hotel-livemax.com/kanagawa/yokohama-kannai/,,リーズナブル・清潔感あり・駅近,3つ星ホテル91室/朝食会場有,関内5分,"¥7,000〜¥10,000",,,,●,●,,,,確認済,,,,
関内,ホテルアルファーワン横浜関内,ビジネスホテル,横浜市中区長者町5-80,045-231-8686,,https://www.alpha-1.co.jp/yokohama-kannai/,,リーズナブル、交通アクセスよい,3つ星ホテル341室/朝食会場有,関内5分,"¥5,500〜¥8,500",,,,●,,,,,確認済,,,,
関内,ホテルコメント横浜関内,シティホテル,横浜市中区不老町2丁目7-2,045-222-0027,,https://www.hotelcomento-yokohamakannai.jp,,お得に泊まれるホテル・サウナ付き大浴場,3つ星ホテル116室/朝食会場大浴場あり,関内8分,"¥4,０00〜¥8,500",,,,●,,,,,確認済,,,,
関内,横浜伊勢佐木町ワシントンホテル,シティホテル,横浜市中区長者町5-53,045-243-7111,,https://washington-hotels.jp/yokohama/,,伊勢佐木モール直結、利便性◎,3つ星ホテル553室/朝食会場あり,関内8分,"¥10,000〜¥18,000",,,,●,●,,,,確認済,,,,
関内,ファーイーストビレッジホテル横浜,シティホテル,横浜市中区尾上町６丁目９０−１,045-232-4476,,https://www.villagehotels.co.jp/ja-JP/Far-East-Village-Hotel-Yokohama/,,馬車道-みなとみらい近アクセス良い,3つ星ホテル277室/朝食会場あり,桜木町・馬車道6分,"¥10,000〜¥18,000",,,,●,●,,,,確認済,,,,
関内,ホテルステイ横浜,ビジネスホテル,横浜市中区福富町西通46-2,045-261-2632,,https://www.hotelstay-yokohama.com,,モダンデザイン・観光・ビジネス両対応,3つ星ホテル17室/朝食サービス,関内8分,"¥8,000〜¥15,000",,,,●,,,,,確認済,,,,
みなとみらい,ヨコハマグランドインターコンチネンタル ホテル,高級ホテル,横浜市西区みなとみらい1-1-1,045-223-2222,,https://www.icyokohama-grand.com/company,,ヨット型シンボルホテル、海に囲まれた絶景,4つ星ホテル594室/高級飲食店店舗あり,みなとみらい5分,"¥20,000〜¥40,000",,,,,,●,●,●,確認済,,,,
みなとみらい,ザ・カハラ・ホテル＆リゾート横浜,ラグジュアリーホテル,横浜市西区みなとみらい1-1-3,045-522-0008,,https://thekahala.jp/yokohama/,,ハワイ発の最高級ブランド、日本初進出,4つ星ホテル146室/高級飲食店店舗あり,みなとみらい10分,"¥50,000〜¥100,000",,,,,,,●,●,確認済,,,,
みなとみらい,横浜ロイヤルパークホテル,高層ホテル,横浜市西区みなとみらい2-2-1-3,045-221-1111,,https://www.yrph.com/,,ランドマークタワー上層階、絶景夜景　休館中,休館中,,"¥40,000〜¥80,000",,休館中,,,,,,,確認済,,,,
みなとみらい,横浜ベイホテル東急,高級ホテル,横浜市西区みなとみらい二丁目3番7号,045-682-2222,,https://ybht.co.jp,,みなとみらい海に隣接した高級ホテル,4つ星ホテル480室/高級飲食店店舗あり,みなとみらい5分,"¥30,000〜¥70,000",,,,,,●,●,●,確認済,,,,
みなとみらい,三井ガーデンホテル横浜プレミア,高級ホテル,横浜市西区みなとみらい3-3-3,045-227-1311,,https://www.gardenhotels.co.jp/yokohama-minatomirai-premier/,,みなとみらいの高級ホテル,4つ星ホテル364室/高級飲食店店舗あり,新高島5分,"¥30,000〜¥70,000",,,,,,●,●,●,確認済,,,,
みなとみらい,万葉倶楽部,温泉施設,神奈川県横浜市中区新港2-7-1,0570-07-4126,,https://www.manyo.co.jp/mm21/access,,宿泊施設付温泉施設館内に食事施設もあり,温泉施設86室/飲食レストランあり,みなとみらい5分,"18,000～30,000",,,,,●,●,,,確認済,,,,
みなとみらい,ナビオス横浜,シティホテル,横浜市中区新港2丁目1-1,045-633-6000,,https://www.navios-yokohama.com,,日本船員厚生協会運営,3つ星ホテル135室/朝食バイキング、アクセス最高,馬車道5分,"¥10,000〜¥18,000",,,,,●,,,,確認済,,,,
横浜駅,インターコンチネンタル横浜pier8,デザインホテル,横浜市神奈川区金港町1-4,045-534-5353,,https://www.icyokohama-pier8.com,,モダン・観光・レジャー向け、海上施設、レストランバー,4つ星ホテル173室/海上宿泊施設,みなとみらい5分,"¥9,000〜¥15,000",,,,,,,●,●,確認済,,,,
横浜駅,ホテルプラム横浜,デザイナーズホテル,横浜市西区北幸2-9-1,045-314-3111,,https://hotel-plumm.jp/,,モダンデザイン・観光・ビジネス両対応,3つ星ホテル154室/大浴場あり,横浜駅西口8分,"¥8,000〜¥15,000",,,●,●,,,,,確認済,,,,
横浜駅,ホテル横浜キャメロットジャパン,シティホテル,横浜市西区北幸1-11-3,045-312-2111,,https://www.camelotjapan.com/,,西口徒歩5分・会議室・和洋レストラン併設,3つ星ホテル215室/レストランあり,横浜駅西口5分,"¥8,000〜¥14,000",,,,●,,,,,確認済,,,,
横浜駅,横浜ベイシェラトン ホテル＆タワーズ,高級ホテル,横浜市西区北幸1-3-23,045-411-1111,,https://www.marriott.co.jp/hotels/travel/tyoys-yokohama-bay-sheraton-hotel-and-towers/,,外資系・レストラン充実・国際会議対応,4つ星ホテル348室/高級飲食店店舗あり,横浜駅西口2分,"¥30,000〜¥50,000",,,,,,,●,●,確認済,,,,
元町・中華街,グローバルキャビン横浜中華街（ドーミーイン系列）,カプセルホテル,横浜市中区山下町166,045-226-5489,,https://dormy-hotels.com/dormyinn/hotels/gc_yokohama,,外国人旅行者にも人気の快適キャビン,3つ星ホテル78室/大浴場、朝食サービスあり,元町中華街8分,"¥4,000〜¥7,000",,,,●,,,,,確認済,,,,
横浜駅,スカイスパYOKOHAMA,カプセル・スパホテル,横浜市西区高島2-19-12 スカイビル14F,045-461-1126,,https://www.skyspa.co.jp/,,サウナ＆スパ併設・男性専用・外国人利用多、横浜駅直結,46室の宿泊数と屋上スパ、各種飲食施設,横浜駅直結1分,"¥8,000〜¥１３,000",,,●,●,,,,,確認済,,,,
横浜駅,カプセルプラス,カプセルホテル,横浜市西区北幸２丁目１−５,050-1807-3375,,https://capsule-plus.jp/yokohama/,,横浜駅からわずか徒歩5分の好アクセス。ホテルから出てすぐのところに、西口の繁華街エリアが広がっています。,169室宿泊数とサウナ、大浴場併設,横浜駅西口5分,"¥3,000〜¥7,000",,,●,,,,,,確認済,,,,
関内,Tabist Mayudama Cabin,カプセルホテル,横浜市中区不老町１丁目４−６,045-263-9351,,https://tabist.co.jp/h/N14HMCI/,,JR関内駅から徒歩2分、カプセルとホステルが融合した新しいカタチの宿泊施設。横浜駅からも近く観光やイベント時の滞在におすすめです。,69室宿泊数とサウナ、大浴場併設,関内駅3分,"¥3,000〜¥7,000",,,,●,,,,,確認済,,,,
関内,グランカスタマ 伊勢佐木町店,カプセルホテル,横浜市中区長者町７丁目１１５ TC42長者町ビル 2F,045-315-7272,,https://g-customa.com/shop/isezaki.php,,お風呂もカプセルも御利用頂ける革新的インターネットカフェ,62室宿泊数とサウナ、大浴場併設,関内駅８分,"¥3,000〜¥7,000",,,●,,,,,,確認済,,,,
元町,bnb+ Yokohama Motomachi 横濱元町店,ホステル,中区元町１丁目２７−２ いちご横濱元町ビル 3F,045-263-8893,,https://www.booking.com/searchresults.ja.html?aid=356980&label=gog235jc-10CAsodUIWYm5iLXlva29oYW1hLW1vdG9tYWNoaUgVWANodYgBAZgBM7gBF8gBDNgBA-gBAfgBAYgCAagCAbgCrOD4xQbAAgHSAiRmMTgwZDVmMi02Zjg4LTRlNTYtYmFjZi1jNTkwYjJlNjY5YTLYAgHgAgE&highlighted_hotels=6601687&redirected=1&city=-248593&hlrd=user_sh&source=hotel&expand_sb=1&keep_landing=1&sid=1a12a8855ed46a472e68b854c9b503d3/,,横浜マリンタワーから徒歩5分以内で、共用ラウンジ、禁煙のお部屋、無料WiFi、テラスを提供しています。,30室の素泊まり施設,元町中華街3分,"¥3,000〜¥7,000",,,●,●,,,,,確認済,,,,
関内,カプセル イン 都,カプセルホテル,横浜市中区野毛町１丁目２２,045-241-0133,,http://www.capsule-inn.jp/,,男性専用のカプセルホテルです。,56室の大浴場あり施設,桜木町10分,"¥3,000〜¥5,000",,,●,,,,,,確認済,,,,
日本大通り,Retrospect_Stay,カプセルホテル,横浜市中区山下町１５６−２,050-8880-4077,,https://retrospect-stay.com,,横浜の歴史を感じられるもの全てがある横浜市中区は1859年のペリー来航で横浜港が開港してから急速に進化してきた街。,10室の素泊まり施設、中華街アクセスよし,日本大通り5分,"¥7,000〜¥10,000",,,,●,,,,,確認済,,,,
桜木町,リゾートカプセル桜木町,カプセルホテル,横浜市中区花咲町１丁目２２−２,045-253-5553,,https://breezbay-group.com/resocap-sakuragi/,,桜木町駅徒歩3分、ブリーズベイホテル B1Fにございます。,56室の素泊まり施設,桜木町5分,"¥5,000〜¥8,000",,,●,,,,,,確認済,,,,
元町,ホテルアイエス,ラブホテル,横浜市中区松影町 １－２－５,045-641-1377,,https://hotel-is.com/?sa=X&ved=0CJYDEMiuA2oYChMIoJXE34bIjwMVAAAAAB0AAAAAELID/,,石川町北口1分2段ベッド～ダブルベット（ホテルグランドガーデン横浜系列）,30室のラブホテル,石川町1分,"¥5,000〜¥8,000",,,●,,,,,,確認済,,,,
馬車道,横浜平和プラザホテル,ビジネスホテル,横浜市中区太田町5-65,045-212-2333,,https://www.heiwaplaza-hotel.com/,,横浜の魅力をまるかじり♪ みなとみらい~元町中華街までヨコハマを存分に満喫,187室、人気の朝食レストランバーあり,馬車道3分,"¥6,000〜¥10,000",,,,●,,,,,確認済,,,,
日本大通り,横浜マルタ二ホテル,ビジネスホテル,横浜市中区相生町6-99,045-681-2748,,http://www.marutani-hotel.co.jp/,,マルタニホテル」はJR桜木町駅、地下鉄関内駅、みなとみらい線馬車道駅から徒歩5分。横浜の主な交通すべてにアクセスが便利なビジネスホテルです。,50室、各どの観光施設にアクセスよい,馬車道5分,"¥7,000〜¥10,000",,,,●,,,,,確認済,,,,
関内,ホテルロイ,ラブホテル,横浜市南区永楽町２丁目２０−６,03-6659-6820,,https://www.hotel-roy.jp/?utm_source=google&utm_medium=maps,,横浜ラブホテルなら -HOTEL ROY-モダンがコンセプトのホテルです。,24室のラブホテル,関内10分,"¥7,000〜¥10,000",,,,●,,,,,確認済,,,,
関内,チサンホテル横浜伊勢佐木町,ビジネスホテル,横浜市中区長者町5丁目-53,045-262-2811,,https://www.solarehotels.com/hotel/kanagawa/chisunhotel-isezakicho/,,伊勢佐木長者駅徒歩1分、リーズナブルな価格のビジネスホテル,3つ星ホテル399室/朝食ビュフェあり,関内10分,"¥7,000〜¥10,000",,,,●,,,,,確認済,,,,
桜木町,フレックステイイン桜木町,ビジネスホテル,横浜市中区花咲町2-72-16,045-262-5388,,https://iconia.co.jp/hotel-flexstay-inn-sakuragicho-kanagawa/?utm_source=google&utm_medium=GBP&utm_campaign=FSISakuragicho,,全面改装したフレックステイイン桜木町は横浜にあり、宿泊の期間を問わず、日本での滞在にはもってこいのホテルです。,3つ星ホテル70室/朝食ビュフェあり,桜木町8分,"¥7,000〜¥10,000",,,,●,,,,,確認済,,,,
横浜港,横浜屋形船事業協同組合,,,045₋325₋8185,yokohama-yakatabune@outlook.jp,,,屋形船事業協同組合,,,,,,,,,,,,確認済,,,,
元町,協同組合元町エスエス会,,横浜市中区元町1-14,045-663-1557,info@motomachi.or.jp,https://www.motomachi.or.jp/shop/ss-office,,,,,,,,,,,,,,確認済,,,,
中華街,中華街発展会協同組合,, 横浜市中区山下町118-2 廣東會館ビル5F,045-662-1252,,https://www.chinatown.or.jp/hattenkai/institution/,,,,,,,,,,,,,,確認済,,,,
中華街,横浜中華街関帝廟通り会,,横浜市中区山下町166,045-633-3086,,http://www.kanteibyo.com,,,,,,,,,,,,,,確認済,,,,
中華街,横浜中華街市場通り会,,横浜市中区山下町137,045-662-7801,,,,,,,,,,,,,,,,確認済,,,,
日本大通り,,横浜市西区みなとみらい2-3-1　クイーンズタワーA 403B（ルーデンス株式会社内）,,,,https://nihonodori.jp/gourmet,,,,,,,,,,,,,,確認済,,,,
関内,協同組合伊勢佐木町商店街,,横浜市中区若葉町2-34,045-261-2835,,,,,,,,,,,,,,,,確認済,,,,
関内,伊勢佐木町1･2丁目地区商店街振興組合,,横浜市中区末広町2-6-10,,,https://www.isezaki.jp/,,,,,,,,,,,,,,確認済,,,,
関内,関内駅前商店会,,横浜市中区真砂町3,,,https://rarea.events/event/222903,,,,,,,,,,,,,,確認済,,,,
馬車道,馬車道商店街協同組合,,横浜市中区常盤町4-42,045-641-4068,,https://bashamichi.or.jp/inq/index.html,,,,,,,,,,,,,,確認済,,,,
みなとみらい,マークイズ店舗会,,横浜市西区みなとみらい3-5-1,045-224-0650,,https://www.mec-markis.jp/mm/,,,,,,,,,,,,,,確認済,,,,
みなとみらい,ランドマークプラザテナント会,,横浜市西区みなとみらい2-2-1,045-222-5015,,,,,,,,,,,,,,,,確認済,,,,
桜木町,桜木町ぴおシティ商店会,,横浜市中区桜木町1-1,045-201-8365,,https://www.piocity.com/,,,,,,,,,,,,,,確認済,,,,
,,,,,,,,,,,,,,,,,,,,,,,,
種別,氏名／団体名,所在地,対応言語,資格,対応内容,料金目安,連絡先／Web,,,,メモ,,,,,,,,,,,,,
法人,IES通訳（ワイアールシー）,横浜市関内,英語・中国語・韓国語,-,徒歩・公共交通での観光案内,"半日（4時間）15,000円/1日（8時間）20,000円",https://ies-world.com/interpretation/genre.html,契約中,,,045-650-3531岡田代表,,,,,,,,,確認済,,,,
個人,GetYourGuide Local Expert,横浜市,英語,不明,半日観光（中華街・港の見える丘）,"13,500円前後",https://www.getyourguide.jp,未確認,,,,,,,,,,,,,,,,
個人,藍 秀璃（ラン・シュウリ）,横浜市,中国語,全国通訳案内士,観光・展示会・企業案内など,応相談,神奈川県登録PDF（pref.kanagawa.jp）,未確認,,,,,,,,,,,,,,,,
個人,相沢 久美子,横浜市,中国語・英語,中国語通訳案内士,VIP案内・観光ガイド,応相談,神奈川県登録PDF kuku.akzawa@nifty.ne.jp,未確認,,,080-43304558,,,,,,,,,,,,,
個人,滝澤 三佐子,横浜市,中国語,全国通訳案内士,UIJツアー・観光案内,応相談,神奈川県登録PDF,未確認,,,,,,,,,,,,,,,,
法人,株式会社メディアリンク,横浜市西区,中国語,不明,ビジネス通訳／観光アテンド,"要見積～3h20,000/～8h30,000",https://www.medialink-net.com/translation/company.html,未確認,,,045-594-8589,,,,,,,,,,,,,
団体,日本中国語通訳案内士協会,全国／紹介あり,中国語,団体所属通訳士,紹介・調整対応,-,https://cga-japan.org,未確認,,,,,,,,,,,,,,,,
個人,ちょる（ロコタビ）,横浜市,韓国語,不明,観光案内・通訳（初級）,応相談,https://www.medialink-net.com/translation/company.html,未確認,,,,,,,,,,,,,,,,
個人,ロコタビ韓国語ガイド複数,横浜市,韓国語,不明,予約代行・観光案内,応相談,https://locotabi.jp,未確認,,,,,,,,,,,,,,,,
法人,くらしのマーケット 韓国語通訳,横浜市,韓国語,不明,出張通訳（観光・会議）,"5,000～15,000円／h",https://curama.jp/interpreter/korean/kanagawa,未確認,,,,,,,,,,,,,,,,
法人,ホットライン通訳サービス,横浜市,韓国語,不明,スポット通訳／観光アテンド,"5,000円～",検索可,未確認,,,,,,,,,,,,,,,,
法人,Zehitomo 韓国語通訳,横浜市栄区,韓国語,不明,通訳・翻訳対応,応相談,https://www.zehitomo.com,未確認,,,,,,,,,,,,,,,,
,横浜市多文化共生総合相談センター ,,,,,,,,,,045-222-1209,,,,,,,,,,,,,
,横浜市国際交流センター,,,,,,,,,,,,,,,,,,,,,,,
